observation_date,BOGZ1LM193064005Q
1987-10-01,1449109
1988-01-01,1567398
1988-04-01,1647703
1988-07-01,1669822
1988-10-01,1786644
1989-01-01,1853598
1989-04-01,1934658
1989-07-01,2090444
1989-10-01,2152104
1990-01-01,2033511
1990-04-01,2106438
1990-07-01,1760993
1990-10-01,1972212
1991-01-01,2287414
1991-04-01,2272816
1991-07-01,2428752
1991-10-01,2857364
1992-01-01,2803686
1992-04-01,2810843
1992-07-01,2942577
1992-10-01,3312344
1993-01-01,3443935
1993-04-01,3508862
1993-07-01,3684956
1993-10-01,3860688
1994-01-01,3702501
1994-04-01,3618007
1994-07-01,3690767
1994-10-01,3642171
1995-01-01,3870834
1995-04-01,4116808
1995-07-01,4429376
1995-10-01,4765754
1996-01-01,4940592
1996-04-01,5138064
1996-07-01,5152506
1996-10-01,5397002
1997-01-01,5452294
1997-04-01,6278507
1997-07-01,6766877
1997-10-01,6908124
1998-01-01,7871267
1998-04-01,8034892
1998-07-01,7135511
1998-10-01,8411574
1999-01-01,8440636
1999-04-01,9117652
1999-07-01,8651743
1999-10-01,10298279
2000-01-01,10825175
2000-04-01,10309396
2000-07-01,10205852
2000-10-01,8985193
2001-01-01,8007461
2001-04-01,8647805
2001-07-01,7219655
2001-10-01,8155711
2002-01-01,8213399
2002-04-01,7432717
2002-07-01,6068428
2002-10-01,6429588
2003-01-01,6091127
2003-04-01,7203886
2003-07-01,7622137
2003-10-01,8556596
2004-01-01,9013448
2004-04-01,8965096
2004-07-01,8909249
2004-10-01,9665583
2005-01-01,9690067
2005-04-01,9972180
2005-07-01,10504739
2005-10-01,10645612
2006-01-01,12065863
2006-04-01,11713394
2006-07-01,12099505
2006-10-01,13036465
2007-01-01,13661833
2007-04-01,14055724
2007-07-01,14142566
2007-10-01,13428511
2008-01-01,12381251
2008-04-01,11902295
2008-07-01,10397958
2008-10-01,8106828
2009-01-01,7217264
2009-04-01,8774026
2009-07-01,10364825
2009-10-01,10659510
2010-01-01,11266884
2010-04-01,10290660
2010-07-01,11536882
2010-10-01,12532988
2011-01-01,13405115
2011-04-01,13356082
2011-07-01,11350767
2011-10-01,12068595
2012-01-01,13554809
2012-04-01,13124112
2012-07-01,13905172
2012-10-01,14027314
2013-01-01,15701690
2013-04-01,15915559
2013-07-01,16740838
2013-10-01,17743821
2014-01-01,18662831
2014-04-01,19650767
2014-07-01,19299074
2014-10-01,19967855
2015-01-01,20379461
2015-04-01,20445737
2015-07-01,18822156
2015-10-01,19538040
2016-01-01,19828114
2016-04-01,20382099
2016-07-01,20993348
2016-10-01,21200772
2017-01-01,22427538
2017-04-01,23114050
2017-07-01,23874257
2017-10-01,25193120
2018-01-01,25119739
2018-04-01,25519259
2018-07-01,26636480
2018-10-01,23076840
2019-01-01,26616598
2019-04-01,27460745
2019-07-01,27285168
2019-10-01,29253989
2020-01-01,22511174
2020-04-01,27311073
2020-07-01,29830436
2020-10-01,34736312
2021-01-01,37631639
2021-04-01,40780488
2021-07-01,41275796
2021-10-01,43290266
2022-01-01,41219796
2022-04-01,34236306
2022-07-01,32530975
2022-10-01,34189070
2023-01-01,36275518
2023-04-01,38374899
2023-07-01,37001836
2023-10-01,40516644
2024-01-01,44024830
2024-04-01,44821473
2024-07-01,47864712
2024-10-01,48339106
2025-01-01,47415914
2025-04-01,51238972
2025-07-01,55110022
2025-10-01,56491050
2026-01-01,55146149
