observation_date,TNWBSHNO
1945-10-01,806616
1946-01-01,
1946-04-01,
1946-07-01,
1946-10-01,885216
1947-01-01,
1947-04-01,
1947-07-01,
1947-10-01,984199
1948-01-01,
1948-04-01,
1948-07-01,
1948-10-01,1037019
1949-01-01,
1949-04-01,
1949-07-01,
1949-10-01,1079425
1950-01-01,
1950-04-01,
1950-07-01,
1950-10-01,1171443
1951-01-01,
1951-04-01,
1951-07-01,
1951-10-01,1280523
1952-01-01,1298870
1952-04-01,1321518
1952-07-01,1334342
1952-10-01,1338242
1953-01-01,1348622
1953-04-01,1350856
1953-07-01,1365443
1953-10-01,1386232
1954-01-01,1409008
1954-04-01,1430700
1954-07-01,1466938
1954-10-01,1484120
1955-01-01,1505874
1955-04-01,1540998
1955-07-01,1580329
1955-10-01,1600734
1956-01-01,1643835
1956-04-01,1654132
1956-07-01,1672629
1956-10-01,1710651
1957-01-01,1723813
1957-04-01,1761008
1957-07-01,1759281
1957-10-01,1776003
1958-01-01,1809387
1958-04-01,1836686
1958-07-01,1890879
1958-10-01,1921081
1959-01-01,1941646
1959-04-01,1969419
1959-07-01,1982495
1959-10-01,2016085
1960-01-01,2024314
1960-04-01,2042344
1960-07-01,2037693
1960-10-01,2091056
1961-01-01,2141604
1961-04-01,2164266
1961-07-01,2200702
1961-10-01,2256719
1962-01-01,2269770
1962-04-01,2174823
1962-07-01,2214271
1962-10-01,2319203
1963-01-01,2353920
1963-04-01,2386237
1963-07-01,2428012
1963-10-01,2422670
1964-01-01,2469525
1964-04-01,2513892
1964-07-01,2560247
1964-10-01,2604188
1965-01-01,2648465
1965-04-01,2645548
1965-07-01,2723264
1965-10-01,2803145
1966-01-01,2810258
1966-04-01,2842498
1966-07-01,2813812
1966-10-01,2902437
1967-01-01,3009086
1967-04-01,3050248
1967-07-01,3136804
1967-10-01,3204063
1968-01-01,3227030
1968-04-01,3365370
1968-07-01,3427078
1968-10-01,3595704
1969-01-01,3613958
1969-04-01,3621557
1969-07-01,3643034
1969-10-01,3660323
1970-01-01,3688444
1970-04-01,3624916
1970-07-01,3752607
1970-10-01,3875609
1971-01-01,4039182
1971-04-01,4113381
1971-07-01,4173522
1971-10-01,4294415
1972-01-01,4453459
1972-04-01,4518456
1972-07-01,4643458
1972-10-01,4889778
1973-01-01,4915337
1973-04-01,4955122
1973-07-01,5137640
1973-10-01,5101037
1974-01-01,5131823
1974-04-01,5114582
1974-07-01,5074460
1974-10-01,5213063
1975-01-01,5466296
1975-04-01,5699559
1975-07-01,5695020
1975-10-01,5861925
1976-01-01,6062159
1976-04-01,6238817
1976-07-01,6354592
1976-10-01,6522666
1977-01-01,6631747
1977-04-01,6811026
1977-07-01,6950400
1977-10-01,7107581
1978-01-01,7280838
1978-04-01,7527565
1978-07-01,7773696
1978-10-01,7955603
1979-01-01,8270796
1979-04-01,8546592
1979-07-01,8825913
1979-10-01,9096396
1980-01-01,9300837
1980-04-01,9646988
1980-07-01,10038129
1980-10-01,10359452
1981-01-01,10553582
1981-04-01,10839558
1981-07-01,10945166
1981-10-01,11258954
1982-01-01,11406640
1982-04-01,11546117
1982-07-01,11764821
1982-10-01,12084247
1983-01-01,12425165
1983-04-01,12721933
1983-07-01,12880394
1983-10-01,12980987
1984-01-01,13239996
1984-04-01,13471334
1984-07-01,13807218
1984-10-01,14097120
1985-01-01,14498971
1985-04-01,14838898
1985-07-01,15044643
1985-10-01,15548769
1986-01-01,16051773
1986-04-01,16428821
1986-07-01,16611989
1986-10-01,17180266
1987-01-01,17803598
1987-04-01,18090753
1987-07-01,18502846
1987-10-01,18436307
1988-01-01,18941164
1988-04-01,19370829
1988-07-01,19690262
1988-10-01,20181395
1989-01-01,20611081
1989-04-01,21038543
1989-07-01,21578469
1989-10-01,21976342
1990-01-01,22017038
1990-04-01,22308715
1990-07-01,22174183
1990-10-01,22629697
1991-01-01,23132561
1991-04-01,23217084
1991-07-01,23555505
1991-10-01,24128668
1992-01-01,24136738
1992-04-01,24254849
1992-07-01,24638012
1992-10-01,25237757
1993-01-01,25573290
1993-04-01,25862431
1993-07-01,26294160
1993-10-01,26745667
1994-01-01,26893549
1994-04-01,27103620
1994-07-01,27498081
1994-10-01,27723744
1995-01-01,28290067
1995-04-01,28894975
1995-07-01,29353209
1995-10-01,30076023
1996-01-01,30627818
1996-04-01,31118040
1996-07-01,31436370
1996-10-01,32172486
1997-01-01,32483206
1997-04-01,33879153
1997-07-01,34911796
1997-10-01,35541274
1998-01-01,37183526
1998-04-01,37901618
1998-07-01,37247075
1998-10-01,39316684
1999-01-01,39628805
1999-04-01,40759024
1999-07-01,40731460
1999-10-01,43271354
2000-01-01,44332909
2000-04-01,44391862
2000-07-01,45035956
2000-10-01,44491427
2001-01-01,44292523
2001-04-01,45577519
2001-07-01,44536155
2001-10-01,46026220
2002-01-01,46704016
2002-04-01,46117338
2002-07-01,45011262
2002-10-01,45938365
2003-01-01,46205734
2003-04-01,48096841
2003-07-01,49011183
2003-10-01,50914830
2004-01-01,53414910
2004-04-01,54302664
2004-07-01,55559524
2004-10-01,57786315
2005-01-01,58706304
2005-04-01,60244725
2005-07-01,61940684
2005-10-01,63351020
2006-01-01,65368031
2006-04-01,65640318
2006-07-01,66766191
2006-10-01,68275893
2007-01-01,69192500
2007-04-01,69896393
2007-07-01,70719254
2007-10-01,69921850
2008-01-01,67722098
2008-04-01,66621054
2008-07-01,64228525
2008-10-01,61063237
2009-01-01,59208410
2009-04-01,59612606
2009-07-01,61356404
2009-10-01,61497661
2010-01-01,62740956
2010-04-01,62195516
2010-07-01,64245867
2010-10-01,65963001
2011-01-01,67045433
2011-04-01,67448403
2011-07-01,65579886
2011-10-01,67032761
2012-01-01,68994644
2012-04-01,69099563
2012-07-01,70995357
2012-10-01,72025466
2013-01-01,74846913
2013-04-01,76102493
2013-07-01,78640633
2013-10-01,80859484
2014-01-01,82557148
2014-04-01,84743575
2014-07-01,85427392
2014-10-01,87003646
2015-01-01,88633743
2015-04-01,89485139
2015-07-01,88521335
2015-10-01,89995570
2016-01-01,91127711
2016-04-01,92840381
2016-07-01,94563290
2016-10-01,95239076
2017-01-01,97592103
2017-04-01,99787897
2017-07-01,101451223
2017-10-01,104037824
2018-01-01,105100166
2018-04-01,106340169
2018-07-01,108415110
2018-10-01,103978606
2019-01-01,109422952
2019-04-01,112317529
2019-07-01,112798322
2019-10-01,115670958
2020-01-01,109838462
2020-04-01,117465807
2020-07-01,122307891
2020-10-01,130656525
2021-01-01,136273426
2021-04-01,143804497
2021-07-01,147420124
2021-10-01,151597877
2022-01-01,152206047
2022-04-01,146360877
2022-07-01,142745564
2022-10-01,143702050
2023-01-01,147350327
2023-04-01,153212310
2023-07-01,152056717
2023-10-01,156278786
2024-01-01,161885618
2024-04-01,164874727
2024-07-01,168988769
2024-10-01,169760700
2025-01-01,169608637
2025-04-01,175931076
2025-07-01,181137271
2025-10-01,182866812
2026-01-01,182979889
