year,usd
1959,507700000000.0
1960,552800000000.0
1961,567000000000.0
1962,618600000000.0
1963,654500000000.0
1964,624800000000.0
1965,692100000000.0
1966,796700000000.0
1967,875500000000.0
1968,1043900000000.0
1969,1254000000000.0
1970,1236700000000.0
1971,1220600000000.0
1972,1483700000000.0
1973,1588800000000.0
1974,1812700000000.0
1975,1771300000000.0
1976,2072000000000.0
1977,2374500000000.0
1978,2755700000000.0
1979,3226900000000.0
1980,3594100000000.0
1981,4149200000000.0
1982,4256800000000.0
1983,4234700000000.0
1984,4535000000000.0
1985,5013600000000.0
1986,5253600000000.0
1987,5875200000000.0
1988,6071200000000.0
1989,6812900000000.0
1990,7136000000000.0
1991,7066700000000.0
1992,7353700000000.0
1993,7785100000000.0
1994,8316800000000.0
1995,8981000000000.0
1996,10045200000000.0
1997,11182000000000.0
1998,12389000000000.0
1999,13343100000000.0
2000,14836000000000.0
2001,14868600000000.0
2002,12625900000000.0
2003,12042400000000.0
2004,12585100000000.0
2005,14549300000000.0
2006,16283500000000.0
2007,17910000000000.0
2008,18090100000000.0
2009,13828500000000.0
2010,14851600000000.0
2011,17444300000000.0
2012,18114100000000.0
2013,20130400000000.0
2014,21428200000000.0
2015,23290800000000.0
2016,23504900000000.0
2017,24586100000000.0
2018,24889900000000.0
2019,26383900000000.0
2020,26978600000000.0
2021,32376000000000.0
2022,38919500000000.0
2023,34028900000000.0
2024,35858800000000.0
2025,38804900000000.0
2026,19443600000000.0
