year,population
1940,34949000.0
1941,
1942,
1943,
1944,
1945,
1946,
1947,39107000.0
1948,40532000.0
1949,42182000.0
1950,43554000.0
1951,44673000.0
1952,45538000.0
1953,46385000.0
1954,46962000.0
1955,47874000.0
1956,48902000.0
1957,49673000.0
1958,50474000.0
1959,51435000.0
1960,52799000.0
1961,53557000.0
1962,54764000.0
1963,55270000.0
1964,56149000.0
1965,57436000.0
1966,58406000.0
1967,59236000.0
1968,60813000.0
1969,62214000.0
1970,63401000.0
1971,64778000.0
1972,66676000.0
1973,68251000.0
1974,69859000.0
1975,71120000.0
1976,72867000.0
1977,74142000.0
1978,76030000.0
1979,77330000.0
1980,80776000.0
1981,82368000.0
1982,83527000.0
1983,83918000.0
1984,85290000.0
1985,86789000.0
1986,88458000.0
1987,89479000.0
1988,91124000.0
1989,92830000.0
1990,93347000.0
1991,94312000.0
1992,95669000.0
1993,96426000.0
1994,97107000.0
1995,98990000.0
1996,99627000.0
1997,101018000.0
1998,102528000.0
1999,103874000.0
2000,104705000.0
2001,108209000.0
2002,109297000.0
2003,111278000.0
2004,112000000.0
2005,113343000.0
2006,114384000.0
2007,116011000.0
2008,116783000.0
2009,117181000.0
2010,117538000.0
2011,119927000.0
2012,121084000.0
2013,122459000.0
2014,123229000.0
2015,124587000.0
2016,125819000.0
2017,126224000.0
2018,127586000.0
2019,128579000.0
2020,128451000.0
2021,129224000.0
2022,131202000.0
2023,131434000.0
2024,132216000.0
2025,134790000.0
