subject,multiplier,source,Search Query,filename,link
household_stock_holdings,"1,000,000.00",FRED,BOGZ1LM193064005Q,BOGZ1LM193064005Q.csv,https://fred.stlouisfed.org/
employment_level,"1,000.00",FRED,CE16V,CE16V.csv,
corporate_profits,"1,000,000,000.00",FRED,Corporate Profits After Tax,CP.csv,https://fred.stlouisfed.org/
wealth_distribution,"1,000,000.00",Federal Reserve,DFA: Distributional Financial Accounts,Dfa-networth-levels.csv,https://www.federalreserve.gov/releases/z1/dataviz/dfa/distribute/chart/
income_limit_quintiles,1.00,Census,,h01ar.xlsx,https://www.census.gov/data/tables/time-series/demo/income-poverty/historical-income-households.html
income_distribution_quintiles,1.00,Census,,h02ar.xlsx,
not_in_labor_force,"1,000.00",FRED,LNS15000000,LNS15000000.csv,https://fred.stlouisfed.org/
household_real_estate,"1,000,000.00",FRED,OEHRENWBSHNO,OEHRENWBSHNO.csv,https://fred.stlouisfed.org/
us_population,"1,000.00",FRED,POPTHM,POPTHM.csv,https://fred.stlouisfed.org/
net_worth_household_non_profit,"1,000,000.00",FRED,TNWBSHNO,TNWBSHNO.csv,https://fred.stlouisfed.org/
unemployment_level,"1,000.00",FRED,UNEMPLOY,UNEMPLOY.csv,https://fred.stlouisfed.org/
personal_taxes,"1,000,000,000.00",FRED,W055RC1,W055RC1.csv,https://fred.stlouisfed.org/
debt,1.00,Treasury,Debt To Penny,DebtPenny_19930401_20260820.csv,https://fiscaldata.treasury.gov/datasets/debt-to-the-penny/debt-to-the-penny
