Date,Category,Net worth,Assets,Real estate,Consumer durables,Corporate equities and mutual fund shares,DB pension entitlements,DC pension entitlements,Unincorporated businesses,Other assets,Liabilities,Home mortgages,Consumer credit,Other liabilities
1989:Q3,TopPt1,1757168,1802302,139254,195557,305340,14873,23679,586079,537519,45133,14499,21065,9569
1989:Q3,RemainingTop1,2904273,2989040,479105,163330,590198,145079,84577,723594,803156,84766,65913,5120,13733
1989:Q3,Next9,7765864,8247017,2023859,418759,811434,1573582,453563,1015740,1950080,481153,373967,58994,48192
1989:Q3,Next40,7294829,8849696,3425336,754279,359529,1620043,398019,603923,1688567,1554867,1149188,355269,50410
1989:Q3,Bottom50,717856,1704710,825615,364255,23943,128754,54184,40285,267674,986854,607588,343758,35508
1989:Q4,TopPt1,1812476,1856293,152996,197956,318765,17537,22896,593204,552940,43817,14687,19570,9560
1989:Q4,RemainingTop1,2967283,3057994,501151,162985,602178,155545,88754,730971,816410,90712,69417,6128,15167
1989:Q4,Next9,7891125,8390273,2070883,416144,830478,1591390,472692,1025957,1982729,499148,386947,63302,48899
1989:Q4,Next40,7436835,9015852,3445677,772969,375310,1672661,416134,605852,1727250,1579017,1167130,361748,50139
1989:Q4,Bottom50,710263,1725114,823610,375530,25373,129934,55758,40843,274066,1014850,622402,358537,33911
1990:Q1,TopPt1,1795997,1838256,162793,186561,287003,20229,21579,597942,562150,42259,15383,17236,9640
1990:Q1,RemainingTop1,2951478,3047569,503707,165147,567393,165206,90013,736615,819489,96091,72748,6476,16867
1990:Q1,Next9,7866339,8387675,2049457,429028,784051,1601785,479924,1033576,2009854,521336,408800,61286,51250
1990:Q1,Next40,7521091,9114968,3446873,797664,370390,1719826,420249,606854,1753112,1593877,1194753,348053,51071
1990:Q1,Bottom50,733086,1769910,850154,388584,24674,130895,55578,41408,278616,1036823,643715,359269,33839
1990:Q2,TopPt1,1839321,1880500,173951,188712,303644,22862,20142,606627,564562,41178,16074,15559,9545
1990:Q2,RemainingTop1,3004861,3105699,522316,164441,581554,175256,92308,743866,825959,100839,75625,7154,18060
1990:Q2,Next9,7955558,8499205,2085970,425262,807028,1615241,499613,1044509,2021581,543647,428662,62897,52088
1990:Q2,Next40,7638761,9252765,3469957,814924,387934,1769313,430691,608581,1771366,1614004,1217147,346083,50774
1990:Q2,Bottom50,711587,1769532,832969,399048,26279,131935,55910,41966,281425,1057944,658409,367019,32516
1990:Q3,TopPt1,1777413,1817040,186736,172447,217746,25522,18777,616828,578984,39627,16420,13989,9218
1990:Q3,RemainingTop1,2946033,3051353,527081,166702,487174,184728,91677,751457,842534,105321,78902,7982,18437
1990:Q3,Next9,7855169,8414712,2072757,437733,677728,1623305,493324,1056496,2053369,559543,443603,65534,50406
1990:Q3,Next40,7707109,9338704,3500067,832288,355534,1814873,424612,610396,1800934,1631596,1235862,347056,48678
1990:Q3,Bottom50,742667,1821934,876084,406984,22810,132813,54677,42520,286047,1079267,672479,377742,29046
1990:Q4,TopPt1,1866701,1904675,197089,162074,268122,28146,18057,621820,609366,37973,16326,12319,9328
1990:Q4,RemainingTop1,3031977,3143938,529308,167824,536477,194473,96240,755733,863883,111961,82834,8828,20299
1990:Q4,Next9,7990024,8563163,2054271,444544,750924,1633481,514311,1063064,2102567,573138,452598,67819,52721
1990:Q4,Next40,7816600,9463486,3460919,849139,390546,1862058,444559,610522,1845743,1646886,1250812,346619,49455
1990:Q4,Bottom50,767184,1872029,904808,415460,26143,133744,56466,43092,292315,1104844,687241,388806,28797
1991:Q1,TopPt1,1953610,1989503,207407,161560,345560,30763,17732,617085,609396,35893,16314,10118,9461
1991:Q1,RemainingTop1,3129449,3247042,539273,167271,612111,204224,102310,754154,867700,117593,86559,9087,21947
1991:Q1,Next9,8136421,8717798,2063679,443728,861585,1643443,537113,1059705,2108546,581377,462030,64956,54391
1991:Q1,Next40,7952651,9597556,3435771,868369,437348,1909154,471171,607765,1867979,1644906,1264760,330207,49939
1991:Q1,Bottom50,776668,1892578,901273,426857,30809,134662,59219,43705,296053,1115910,700028,387839,28043
1991:Q2,TopPt1,1947039,1981677,218891,153448,341295,33357,16717,618064,599904,34637,16962,8441,9234
1991:Q2,RemainingTop1,3140353,3262409,549884,167561,602236,214240,104928,755134,868427,122056,89566,9661,22829
1991:Q2,Next9,8128836,8730552,2069490,446228,852340,1655507,549043,1061287,2096657,601717,481469,65458,54790
1991:Q2,Next40,8029468,9690324,3450601,882456,445501,1957864,481587,606196,1866119,1660856,1287203,324457,49196
1991:Q2,Bottom50,779989,1915051,913945,434005,31443,135634,59865,44305,295854,1135062,715451,393289,26322
1991:Q3,TopPt1,1977370,2011469,231106,136010,380084,35961,16079,615459,596770,34099,17732,6997,9370
1991:Q3,RemainingTop1,3190209,3316417,552163,169482,635986,224199,109735,753595,871257,126208,91093,10202,24913
1991:Q3,Next9,8190658,8813178,2049595,458453,904862,1666862,568871,1058795,2105740,622520,496977,66620,58923
1991:Q3,Next40,8172979,9841231,3482260,898511,473602,2006128,502550,603376,1874804,1668252,1296207,320921,51124
1991:Q3,Bottom50,833161,1971213,955265,441019,34218,136580,61837,44930,297364,1138052,712494,397760,27798
1991:Q4,TopPt1,2089657,2123428,244426,127246,488798,38568,15536,607692,601162,33771,18517,5625,9629
1991:Q4,RemainingTop1,3311350,3443149,561830,169597,739697,234251,115421,748658,873695,131799,93527,11006,27266
1991:Q4,Next9,8377280,9027110,2058698,460675,1056178,1678845,593033,1050638,2129042,649830,516792,69413,63625
1991:Q4,Next40,8321764,10013401,3488489,912128,532276,2054931,528038,598913,1898626,1691636,1316127,322005,53504
1991:Q4,Bottom50,853790,2013983,977142,447801,40415,137539,64330,45592,301164,1160193,722918,407532,29743
1992:Q1,TopPt1,2069000,2102370,256799,124965,475223,41037,14361,604106,585879,33370,19886,3871,9613
1992:Q1,RemainingTop1,3313092,3446726,576508,168442,718657,246071,116477,745508,875063,133634,94173,11129,28332
1992:Q1,Next9,8339659,9011427,2083020,456664,1032395,1706500,596128,1045981,2090739,671768,541082,67229,63457
1992:Q1,Next40,8374565,10067344,3497018,926259,536765,2115222,530375,595261,1866444,1692779,1332233,307928,52618
1992:Q1,Bottom50,871834,2023311,981200,455874,40646,138945,64086,46250,296310,1151477,720902,403196,27379
1992:Q2,TopPt1,2056050,2089160,268087,120048,477557,40738,13292,603908,565530,33111,20932,2373,9806
1992:Q2,RemainingTop1,3291108,3428352,589058,167774,712931,228970,119263,743737,866618,137244,95275,11658,30311
1992:Q2,Next9,8390655,9086376,2096706,456683,1030509,1778453,610289,1044088,2069648,695721,560777,68232,66712
1992:Q2,Next40,8465545,10167959,3511808,943305,548198,2163746,541904,592208,1866790,1702414,1345180,303240,53994
1992:Q2,Bottom50,887271,2041225,982394,465411,41648,142627,64817,46904,297423,1153954,719080,406829,28045
1992:Q3,TopPt1,2081689,2113776,281274,97659,512045,40476,12519,610192,559610,32087,21472,860,9755
1992:Q3,RemainingTop1,3312928,3455263,590069,170055,738991,211633,123780,745078,875657,142335,98294,12457,31584
1992:Q3,Next9,8505514,9221581,2076497,472515,1073705,1850172,630375,1048046,2070272,716067,577951,70424,67692
1992:Q3,Next40,8618477,10339435,3564037,959598,573610,2211896,561860,590533,1877902,1720959,1365308,301893,53758
1992:Q3,Bottom50,953281,2129059,1052111,471897,44226,146304,66608,47532,300380,1175777,732854,416299,26624
1992:Q4,TopPt1,2212047,2244083,280389,102917,601019,37499,13056,602727,606477,32036,21158,888,9990
1992:Q4,RemainingTop1,3446674,3590969,591714,171010,858533,205450,129607,759615,875041,144295,100877,12312,31106
1992:Q4,Next9,8697673,9413162,2090116,474943,1194809,1927170,650719,1030121,2045284,715489,579533,71092,64864
1992:Q4,Next40,8749873,10491769,3607461,962045,608689,2254789,581761,589110,1887914,1741896,1378090,309387,54419
1992:Q4,Bottom50,967181,2190041,1082524,482554,49295,147309,73405,48704,306251,1222860,761244,431089,30527
1993:Q1,TopPt1,2318921,2350493,275281,133481,629093,34774,14106,613139,650619,31572,20736,405,10431
1993:Q1,RemainingTop1,3530375,3675857,608253,167117,916554,196667,137432,784194,865640,145482,102698,11405,31379
1993:Q1,Next9,8823335,9528942,2154141,450218,1229313,1982081,674330,1028849,2010009,705607,575329,65645,64633
1993:Q1,Next40,8800533,10535301,3598473,961086,617586,2281420,610856,591909,1873971,1734768,1379111,298728,56929
1993:Q1,Bottom50,920552,2165309,1033957,494711,51389,147672,81399,49780,306401,1244757,776830,431080,36847
1993:Q2,TopPt1,2371953,2403169,270878,135784,640354,32083,14705,622988,686378,31216,20392,245,10579
1993:Q2,RemainingTop1,3581295,3728801,608772,168821,957125,187852,142322,808626,855282,147505,105714,11059,30732
1993:Q2,Next9,8879868,9583141,2157474,457880,1239528,2037304,687019,1025987,1977948,703273,577453,64389,61431
1993:Q2,Next40,8904306,10657122,3669052,967269,619208,2308165,625798,594248,1873383,1752816,1394907,300569,57340
1993:Q2,Bottom50,936646,2229417,1073911,506692,52647,148041,87553,50879,309694,1292771,809880,442399,40492
1993:Q3,TopPt1,2454468,2485346,267331,134911,680260,29409,15305,637947,720184,30879,19681,211,10987
1993:Q3,RemainingTop1,3672771,3824367,605932,171116,1026643,179137,147771,835943,857824,151596,109525,10967,31104
1993:Q3,Next9,8972984,9674640,2150622,468573,1289982,2093910,705022,1027095,1939435,701656,574848,64913,61895
1993:Q3,Next40,9037911,10814497,3754403,973547,632776,2335827,644167,597480,1876297,1776587,1408583,307709,60295
1993:Q3,Bottom50,947061,2299293,1117732,517919,55294,148446,93937,51950,314016,1352232,845895,458869,47468
1993:Q4,TopPt1,2566138,2597214,264306,144334,720358,26781,15938,650112,775385,31076,19267,501,11308
1993:Q4,RemainingTop1,3782502,3937161,610461,171763,1096048,170060,151906,861911,875012,154659,112347,11163,31149
1993:Q4,Next9,9083287,9787238,2170034,471184,1340159,2147953,712121,1024350,1921437,703951,574084,68610,61257
1993:Q4,Next40,9144748,10951179,3819293,982773,646191,2361518,655329,599707,1886367,1806430,1419489,324462,62479
1993:Q4,Bottom50,942554,2351950,1142647,532194,57933,148774,99572,53064,317766,1409396,874488,481432,53476
1994:Q1,TopPt1,2615682,2645962,258221,164759,675716,24159,16419,669570,837119,30281,18489,135,11657
1994:Q1,RemainingTop1,3815959,3973104,622374,170036,1077540,161078,154710,891802,895564,157145,115703,10582,30860
1994:Q1,Next9,9106188,9797590,2213691,459457,1269174,2203287,713359,1027651,1910971,691402,567567,65159,58676
1994:Q1,Next40,9207097,11016150,3865238,986915,623691,2388095,660162,603265,1888784,1809053,1425540,319778,63735
1994:Q1,Bottom50,903871,2352819,1122845,544991,56381,149137,104362,54118,320985,1448948,902655,488223,58070
1994:Q2,TopPt1,2672172,2702818,253062,173479,650369,21560,17359,693451,893538,30646,18287,320,12039
1994:Q2,RemainingTop1,3866219,4025689,627419,170774,1077965,151886,159662,923995,913988,159470,118206,10591,30673
1994:Q2,Next9,9121793,9815022,2231873,461968,1224917,2257331,719800,1034138,1884994,693229,569435,67500,56294
1994:Q2,Next40,9285672,11121878,3940755,995246,609017,2413672,674826,607429,1880933,1836206,1438299,332614,65293
1994:Q2,Bottom50,887612,2389030,1137353,558147,55739,149460,110464,55131,322736,1501418,930889,507555,62974
1994:Q3,TopPt1,2745014,2775884,247691,173365,665245,18948,18371,711285,940980,30870,18010,586,12274
1994:Q3,RemainingTop1,3944497,4106230,621824,173270,1119692,142910,166154,953158,929222,161733,120957,10718,30058
1994:Q3,Next9,9186938,9881061,2216830,474116,1237450,2313644,737301,1033474,1868245,694123,570499,70811,52813
1994:Q3,Next40,9405949,11271540,4018231,1005190,611308,2440904,697770,609842,1888295,1865592,1451324,348370,65898
1994:Q3,Bottom50,911243,2468302,1189064,570572,57072,149850,117397,56225,328121,1557059,960756,529469,66834
1994:Q4,TopPt1,2838349,2870197,243277,178498,649736,16365,18797,729324,1034199,31848,17870,1162,12816
1994:Q4,RemainingTop1,4015261,4180449,620342,174519,1129028,133450,166949,982524,973637,165189,123355,11151,30683
1994:Q4,Next9,9195830,9899240,2215291,478467,1206081,2366365,725685,1031783,1875569,703411,572749,77268,53394
1994:Q4,Next40,9434297,11341606,4049746,1011242,600461,2465470,692576,611933,1910178,1907310,1464117,373557,69636
1994:Q4,Bottom50,912606,2533467,1233141,581410,56866,150132,120905,57333,333681,1620861,988352,558030,74479
1995:Q1,TopPt1,2943660,2974886,236979,187515,704794,13711,20048,743382,1068458,31226,17277,889,13060
1995:Q1,RemainingTop1,4131065,4297819,620558,175408,1211927,124947,175374,1010103,979502,166754,126218,10612,29924
1995:Q1,Next9,9342961,10033612,2217362,481689,1274472,2427462,753223,1024927,1854476,690650,567133,74623,48894
1995:Q1,Next40,9563713,11474202,4078138,1021204,619482,2496279,725155,612813,1921131,1910488,1468881,371665,69942
1995:Q1,Bottom50,937981,2595438,1262167,594880,60159,150670,128945,58514,340104,1657457,1012927,566758,77772
1995:Q2,TopPt1,3051414,3082513,231752,180562,764860,13138,21038,759530,1111633,31100,16573,1058,13469
1995:Q2,RemainingTop1,4272355,4442957,609502,178756,1299376,139234,183777,1038891,993420,170601,130044,10727,29830
1995:Q2,Next9,9418224,10104836,2177279,496676,1348777,2426252,788870,1018844,1848139,686612,563044,77280,46288
1995:Q2,Next40,9752356,11690523,4147407,1025772,640134,2569384,759174,613804,1934848,1938168,1480734,385460,71974
1995:Q2,Bottom50,986901,2706927,1342368,602565,63662,154035,136845,59690,347762,1720026,1048440,588601,82985
1995:Q3,TopPt1,3190982,3222726,223821,179396,842685,12570,22499,783133,1158622,31743,16318,1397,14028
1995:Q3,RemainingTop1,4426645,4601176,590206,180958,1404432,153511,193964,1071282,1006823,174531,132999,10915,30617
1995:Q3,Next9,9460545,10153529,2113354,505205,1446674,2421308,825934,1018760,1822294,692985,564573,81289,47123
1995:Q3,Next40,9787127,11762447,4070592,1029112,667593,2641600,800433,615980,1937137,1975320,1495583,403443,76294
1995:Q3,Bottom50,1024003,2808554,1415165,610352,67992,157360,145943,60775,350967,1784551,1080864,612555,91132
1995:Q4,TopPt1,3296870,3331800,226613,178293,922699,13795,24187,788426,1177786,34930,16448,2083,16399
1995:Q4,RemainingTop1,4544507,4724394,605354,181520,1472343,162008,205800,1068510,1028859,179887,136191,11760,31936
1995:Q4,Next9,9731841,10445883,2145385,512428,1570778,2465831,845495,1048024,1857942,714042,571953,91820,50269
1995:Q4,Next40,9979253,12000021,4107250,1044440,726000,2663947,841111,627906,1989367,2020768,1516536,426384,77848
1995:Q4,Bottom50,1017680,2820511,1404646,612625,73934,160778,149978,63665,354885,1802831,1079379,636113,87339
1996:Q1,TopPt1,3331559,3368516,228264,181067,961639,15072,25873,787696,1168905,36956,16755,1780,18421
1996:Q1,RemainingTop1,4608212,4793025,623622,181731,1497776,170215,217456,1062878,1039347,184814,139937,11555,33322
1996:Q1,Next9,9943718,10681273,2190671,518509,1636291,2507532,863680,1071058,1893532,737555,585149,92021,60385
1996:Q1,Next40,10185152,12231403,4162734,1063552,767067,2684200,881165,638540,2034144,2046251,1548185,419085,78981
1996:Q1,Bottom50,1010760,2824480,1385371,617584,77819,164136,153724,66652,359194,1813719,1088833,637766,87120
1996:Q2,TopPt1,3374399,3415121,230286,173283,1006778,16382,27292,791457,1169643,40722,17585,2153,20984
1996:Q2,RemainingTop1,4681369,4870467,633816,183211,1529506,178428,226849,1059255,1059402,189098,142301,11938,34859
1996:Q2,Next9,10102842,10869922,2208571,529858,1709519,2548860,870641,1098173,1904300,767080,603241,98737,65102
1996:Q2,Next40,10357057,12449032,4236368,1075598,810295,2704141,910188,650054,2062387,2091974,1579326,431277,81371
1996:Q2,Bottom50,1017465,2844011,1391767,616866,81966,167505,155952,69571,360385,1826547,1089755,652473,84319
1996:Q3,TopPt1,3367063,3411424,235877,169415,1005039,17729,28987,793817,1160560,44361,18491,2512,23358
1996:Q3,RemainingTop1,4707996,4900729,648918,184370,1513451,186581,237574,1055005,1074830,192733,144632,12299,35802
1996:Q3,Next9,10226604,11023615,2242236,540309,1716777,2589245,880516,1123783,1930749,797011,622522,105245,69244
1996:Q3,Next40,10489299,12626321,4281669,1091938,833479,2723346,945351,661284,2089253,2137022,1612000,442969,82053
1996:Q3,Bottom50,1029008,2867881,1399392,619143,83761,170869,158866,72515,363335,1838873,1091718,666822,80333
1996:Q4,TopPt1,3469800,3517140,239505,177121,1062760,19186,33556,812073,1172940,47340,19077,2995,25268
1996:Q4,RemainingTop1,4816091,5012822,671628,183309,1558187,193627,260885,1058151,1087036,196732,147461,12866,36405
1996:Q4,Next9,10509863,11335149,2310644,538626,1806204,2619879,914702,1164293,1980801,825286,637095,113288,74903
1996:Q4,Next40,10659450,12840463,4280200,1106623,881383,2735356,1037898,675696,2123307,2181013,1641004,459312,80697
1996:Q4,Bottom50,1026048,2882144,1387128,622251,88468,173973,169654,75200,365470,1856096,1093994,685417,76685
1997:Q1,TopPt1,3441708,3492370,243417,179508,1071761,20576,34607,836233,1106268,50662,19816,2612,28234
1997:Q1,RemainingTop1,4829639,5029832,688593,183456,1553703,202030,267794,1064222,1070034,200193,149436,12324,38433
1997:Q1,Next9,10640108,11484644,2353957,543855,1827679,2661415,910785,1210154,1976800,844537,651164,111513,81860
1997:Q1,Next40,10757949,12955185,4300329,1124137,908416,2755281,1055303,691332,2120387,2197236,1665040,447010,85186
1997:Q1,Bottom50,1041196,2885412,1377293,626088,90735,177416,169919,77793,366168,1844216,1087994,680717,75505
1997:Q2,TopPt1,3644936,3699311,247200,170668,1280709,21913,37890,851065,1089866,54375,20579,2822,30974
1997:Q2,RemainingTop1,5080436,5285204,701166,184849,1750208,211510,292832,1066186,1078453,204768,151917,12535,40316
1997:Q2,Next9,11137396,12011322,2376538,554079,2124628,2711541,998059,1247222,1999255,873926,667742,116392,89792
1997:Q2,Next40,11096550,13334749,4373308,1133737,1020069,2781433,1165841,705176,2155185,2238198,1695107,454351,88740
1997:Q2,Bottom50,1078863,2934620,1396956,623632,102893,181127,180624,80542,368845,1855757,1089242,691938,74577
1997:Q3,TopPt1,3774934,3831989,252788,163037,1402640,23295,40879,870311,1079039,57056,21698,3061,32297
1997:Q3,RemainingTop1,5255213,5463878,712809,186534,1858335,220664,314301,1070491,1100745,208665,154736,12831,41098
1997:Q3,Next9,11496677,12408754,2403423,566871,2300498,2758442,1063616,1288477,2027428,912078,692782,121742,97554
1997:Q3,Next40,11359492,13646803,4422095,1148987,1094688,2805150,1257924,720010,2197949,2287311,1738342,463267,85702
1997:Q3,Bottom50,1108667,2987574,1422204,624566,110716,184764,189159,83225,372940,1878907,1101722,704904,72281
1997:Q4,TopPt1,3862025,3924238,257407,174314,1433576,24780,42178,908998,1082985,62213,22887,3588,35738
1997:Q4,RemainingTop1,5352414,5564302,741507,185029,1876784,228709,320496,1084349,1127428,211888,155706,13180,43002
1997:Q4,Next9,11730653,12675660,2489641,563168,2352070,2795463,1044842,1347813,2082663,945007,711743,129271,103993
1997:Q4,Next40,11478183,13811566,4443200,1166064,1131586,2821529,1270160,738923,2240104,2333383,1764105,478021,91257
1997:Q4,Bottom50,1098161,2980738,1398535,629386,114109,188138,188758,85612,376201,1882577,1091918,720104,70555
1998:Q1,TopPt1,4106206,4172072,262543,169420,1680419,26017,45813,913989,1073871,65866,24174,3240,38452
1998:Q1,RemainingTop1,5650022,5864258,759863,186168,2107199,240169,347004,1082662,1141193,214237,157058,12603,44576
1998:Q1,Next9,12331470,13304499,2539069,572923,2697539,2860855,1135417,1376429,2122268,973030,734278,127494,111258
1998:Q1,Next40,11879887,14236717,4520450,1181041,1258101,2858672,1388901,751194,2278359,2356830,1796708,466066,94056
1998:Q1,Bottom50,1162077,3034778,1417745,630510,128009,192338,199988,88534,377654,1872701,1089225,714640,68836
1998:Q2,TopPt1,4184334,4253738,270358,168091,1716152,28547,46738,936365,1087487,69404,25050,3683,40671
1998:Q2,RemainingTop1,5777562,5996890,787144,186885,2131903,264114,354985,1089703,1182156,219328,160199,13172,45957
1998:Q2,Next9,12599598,13609042,2615095,580835,2757117,2929031,1139723,1421491,2165750,1009444,755861,135179,118404
1998:Q2,Next40,12098659,14512385,4637226,1198379,1297991,2873435,1412594,767212,2325548,2413726,1837120,482047,94559
1998:Q2,Bottom50,1156873,3058715,1428223,633518,131729,195121,200076,91195,378853,1901841,1101472,733664,66705
1998:Q3,TopPt1,3958342,4031630,283414,144865,1471376,31167,45431,943935,1111442,73288,26062,3998,43228
1998:Q3,RemainingTop1,5586158,5808959,793672,191556,1884494,286212,343821,1090190,1219014,222801,162924,13539,46338
1998:Q3,Next9,12356139,13397731,2624833,609584,2437428,2983222,1035654,1453666,2253344,1041591,778717,141281,121593
1998:Q3,Next40,12079075,14544424,4746546,1216820,1220452,2878588,1333738,780474,2367807,2465349,1877197,493400,94752
1998:Q3,Bottom50,1216246,3137355,1520792,633906,121761,197524,188903,94095,380375,1921109,1111256,748499,61354
1998:Q4,TopPt1,4279789,4349789,298227,158723,1759714,31288,48319,942163,1111356,70000,25244,3917,40839
1998:Q4,RemainingTop1,6038122,6270873,837783,204806,2197625,302582,371895,1109796,1246386,232751,169884,14236,48631
1998:Q4,Next9,13187210,14245621,2759014,596401,2924146,3026678,1198302,1450798,2290282,1058411,792157,141166,125088
1998:Q4,Next40,12492697,15031711,4786935,1229388,1393435,2943228,1485341,790820,2402564,2539014,1926244,513643,99127
1998:Q4,Bottom50,1214310,3177819,1510851,644446,136654,197456,207098,91409,389905,1963509,1135062,768309,60138
1999:Q1,TopPt1,4215515,4280818,308154,149563,1721165,31515,48276,912632,1109512,65302,24167,3250,37885
1999:Q1,RemainingTop1,6098038,6340660,857419,221679,2192122,317391,377353,1116051,1258644,242622,176941,14298,51383
1999:Q1,Next9,13312187,14377202,2807453,601995,2964309,3055958,1240897,1423248,2283342,1065015,801426,134737,128852
1999:Q1,Next40,12644550,15231330,4845625,1238497,1427442,2997529,1516732,795405,2410100,2586780,1970048,516103,100629
1999:Q1,Bottom50,1257912,3245597,1570685,649536,135599,196969,211869,89165,391774,1987685,1155055,774010,58620
1999:Q2,TopPt1,4347106,4408662,318564,154571,1850908,31676,48794,937316,1066833,61556,23112,2947,35497
1999:Q2,RemainingTop1,6337751,6592926,893557,236570,2353366,332889,388666,1148706,1239172,255176,184539,14846,55791
1999:Q2,Next9,13758161,14843955,2909349,599029,3235810,3090552,1315242,1446227,2247745,1085794,813708,132466,139620
1999:Q2,Next40,12924974,15584925,4963987,1254141,1534575,3055992,1577840,811461,2386929,2659951,2020510,531111,108330
1999:Q2,Bottom50,1240200,3275787,1578028,660534,142994,196634,219866,86291,391440,2035587,1181823,790210,63554
1999:Q3,TopPt1,4243565,4301125,331526,144365,1686776,31954,47025,992785,1066694,57559,22614,2837,32108
1999:Q3,RemainingTop1,6294416,6559152,918853,254097,2223181,346776,379079,1197100,1240066,264736,191568,15546,57622
1999:Q3,Next9,13723504,14832536,2972800,611080,3096196,3110364,1275480,1498985,2267630,1109031,835006,131960,142065
1999:Q3,Next40,13003096,15743128,5090369,1271134,1509844,3103693,1530958,834747,2402382,2740031,2080235,551672,108124
1999:Q3,Bottom50,1253439,3336295,1639622,670026,135746,195855,215774,83244,396028,2082856,1211836,809881,61139
1999:Q4,TopPt1,4648892,4704348,347105,148818,2062217,31926,48434,999646,1066202,55457,22673,2919,29865
1999:Q4,RemainingTop1,6818756,7094605,955203,268805,2633560,364518,403511,1221734,1247274,275849,196037,16121,63691
1999:Q4,Next9,14699427,15847835,3070992,607707,3716143,3163318,1429947,1507415,2352312,1148408,857050,132138,159220
1999:Q4,Next40,13493871,16315932,5154397,1285570,1730567,3176198,1659604,847614,2461981,2822060,2128172,574720,119168
1999:Q4,Bottom50,1311449,3431123,1668307,680193,155793,196062,230868,80838,419062,2119674,1220330,827724,71620
2000:Q1,TopPt1,4700796,4753711,357575,145935,2150014,32051,48873,973185,1046078,52915,22793,2437,27685
2000:Q1,RemainingTop1,7019367,7303991,996238,285247,2758378,380279,413643,1229537,1240669,284624,199610,15944,69070
2000:Q1,Next9,15083917,16261141,3176034,616204,3933408,3198234,1496674,1484938,2355650,1177224,876720,125807,174697
2000:Q1,Next40,13901774,16779594,5371140,1307156,1821895,3235526,1712896,852855,2478126,2877820,2168409,579455,129956
2000:Q1,Bottom50,1352557,3482189,1689611,693377,161479,195730,237890,78789,425312,2129631,1218680,830122,80829
2000:Q2,TopPt1,4569974,4619069,376928,146035,1973887,32275,47259,1020832,1021853,49095,22498,2467,24130
2000:Q2,RemainingTop1,6992350,7284108,1048711,301101,2617519,394809,408527,1275385,1238055,291757,205963,16741,69053
2000:Q2,Next9,15071974,16267352,3312193,621904,3773282,3221558,1482871,1533312,2322232,1195378,899699,126174,169505
2000:Q2,Next40,14060564,17017934,5574171,1328714,1790828,3286483,1689064,875579,2473094,2957370,2226833,604783,125754
2000:Q2,Bottom50,1357268,3523622,1727576,706954,153881,195048,236074,76208,427881,2166354,1243103,851606,71645
2000:Q3,TopPt1,4567679,4613586,388700,132693,1904536,32439,46704,1078476,1030038,45907,22293,2772,20842
2000:Q3,RemainingTop1,7076683,7377622,1083623,318803,2582450,410181,410658,1327243,1244664,300939,212130,17829,70980
2000:Q3,Next9,15257563,16483500,3389852,636402,3761030,3251583,1510577,1592462,2341594,1225937,923791,129166,172980
2000:Q3,Next40,14319276,17370649,5785096,1344903,1806246,3342634,1702299,901388,2488083,3051372,2285743,638674,126955
2000:Q3,Bottom50,1384645,3599988,1794073,715375,151590,194566,238293,73709,432382,2215342,1266490,878632,70220
2000:Q4,TopPt1,4353886,4395931,401769,141271,1567307,32727,43989,1095798,1113071,42046,21358,3141,17547
2000:Q4,RemainingTop1,6905953,7214466,1138988,333044,2263027,424097,395921,1358433,1300956,308513,219437,19145,69931
2000:Q4,Next9,15062975,16295165,3531626,633121,3340693,3267863,1446556,1613652,2461655,1232190,938245,133253,160692
2000:Q4,Next40,14388480,17521904,5976461,1364994,1679343,3388858,1631043,917726,2563480,3133424,2337081,676302,120041
2000:Q4,Bottom50,1334754,3587663,1785252,729327,134822,193664,230823,71577,442198,2252909,1289105,909426,54378
2001:Q1,TopPt1,4152598,4188598,423582,142865,1302742,32904,39814,1096432,1150260,36000,20390,2505,13105
2001:Q1,RemainingTop1,6789302,7102669,1216939,348231,2006533,439618,370015,1380847,1340486,313366,226494,19309,67563
2001:Q1,Next9,14931076,16158842,3732290,633891,3004875,3297623,1344612,1619039,2526511,1227766,950965,126817,149984
2001:Q1,Next40,14670196,17849473,6359994,1381574,1572260,3445299,1509053,929991,2651302,3179277,2384685,683319,111273
2001:Q1,Bottom50,1338970,3604327,1804930,740187,121051,193170,216457,69601,458931,2265357,1307091,917774,40492
2001:Q2,TopPt1,4290474,4321476,435959,137108,1417011,29870,40385,1125295,1135848,31002,19159,2037,9806
2001:Q2,RemainingTop1,7020051,7346273,1262116,364333,2162130,425310,380778,1418659,1332947,326222,236910,20119,69193
2001:Q2,Next9,15428619,16677838,3829905,637782,3260474,3365985,1404438,1652389,2526864,1249219,972550,123886,152783
2001:Q2,Next40,15055767,18329207,6551061,1392756,1679571,3521644,1563318,949658,2671199,3273440,2460651,700041,112748
2001:Q2,Bottom50,1337176,3674553,1846323,746816,128619,194230,223727,67546,467292,2337377,1360748,938166,38463
2001:Q3,TopPt1,4029833,4060375,447067,125595,1066962,26954,35992,1139747,1218059,30542,19931,1836,8775
2001:Q3,RemainingTop1,6724664,7065430,1302089,381469,1792774,409215,353044,1448805,1378033,340766,242096,20559,78111
2001:Q3,Next9,15046831,16358485,3903339,647392,2753022,3420746,1299868,1671935,2662182,1311654,1011907,120845,178902
2001:Q3,Next40,14992712,18378100,6742897,1404204,1498073,3588192,1435972,965764,2742998,3385388,2534970,719049,131369
2001:Q3,Bottom50,1318753,3716280,1907906,752699,108824,194868,208030,65623,478329,2397526,1388649,952061,56816
2001:Q4,TopPt1,4217640,4245486,455559,143730,1288616,27456,38051,1099608,1192465,27846,17885,2725,7236
2001:Q4,RemainingTop1,7052012,7409389,1360467,372345,2043556,396666,363416,1461368,1411571,357377,258582,22505,76290
2001:Q4,Next9,15671298,16948636,3992780,659099,3085128,3518937,1375208,1636547,2680938,1277338,991514,133002,152822
2001:Q4,Next40,15394289,18860259,6925610,1426017,1620573,3628631,1505826,979081,2774522,3465970,2609463,746483,110024
2001:Q4,Bottom50,1297042,3754068,1916035,763109,117838,196755,213995,67503,478833,2457026,1434341,987112,35573
2002:Q1,TopPt1,4235719,4266745,466342,162544,1317858,28139,40295,1092345,1159222,31026,20397,2940,7689
2002:Q1,RemainingTop1,7166945,7535496,1423952,362642,2072164,381771,370613,1492331,1432023,368551,264821,22416,81314
2002:Q1,Next9,15921819,17223941,4112450,664336,3091785,3598107,1421079,1633590,2702595,1302122,1019509,132901,149712
2002:Q1,Next40,15629375,19174701,7099157,1439764,1616601,3654841,1557995,1001323,2805020,3545327,2698989,741325,105013
2002:Q1,Bottom50,1310958,3774587,1925920,769008,114990,198061,218413,69272,478923,2463628,1445094,983934,34600
2002:Q2,TopPt1,4103662,4136626,480926,182430,1158526,28888,37807,1095164,1152885,32965,22603,3661,6701
2002:Q2,RemainingTop1,7070644,7449660,1488812,353107,1886438,366027,344461,1529117,1481698,379016,273167,23175,82674
2002:Q2,Next9,15737013,17064926,4241497,671704,2789773,3671698,1337869,1640564,2711821,1327913,1050677,139178,138058
2002:Q2,Next40,15511109,19161984,7221802,1458069,1496651,3676671,1455835,1026433,2826523,3650875,2802826,754619,93430
2002:Q2,Bottom50,1278407,3777220,1949593,777679,101330,199194,202771,71021,475632,2498813,1475767,997010,26036
2002:Q3,TopPt1,3840329,3875003,493816,185195,875613,29649,34909,1107121,1148701,34674,23604,4125,6945
2002:Q3,RemainingTop1,6796575,7192881,1539365,346657,1549989,350143,315572,1571220,1519934,396305,285191,24103,87011
2002:Q3,Next9,15330111,16678638,4305399,696456,2273242,3745965,1246863,1656580,2754133,1348527,1072411,144828,131288
2002:Q3,Next40,15362853,19125874,7383105,1477886,1289160,3698720,1342638,1054167,2880198,3763021,2912154,765003,85864
2002:Q3,Bottom50,1267621,3828587,2027325,784589,80424,200341,185505,72751,477652,2560966,1525800,1013550,21616
2002:Q4,TopPt1,3899907,3936214,504254,189539,969042,30283,36064,1031857,1175176,36307,24846,4785,6676
2002:Q4,RemainingTop1,6982721,7395503,1589354,339571,1656505,336064,322666,1564848,1586494,412782,296767,25196,90819
2002:Q4,Next9,15658721,17035591,4370319,716006,2390927,3837467,1322753,1585010,2813109,1376870,1097065,152279,127526
2002:Q4,Next40,15638346,19522456,7564471,1492389,1331833,3733311,1399396,1058700,2942356,3884110,3023131,781211,79768
2002:Q4,Bottom50,1275141,3903445,2087401,788678,81283,202016,189390,74857,479819,2628304,1574503,1033537,20264
2003:Q1,TopPt1,3859402,3897667,514329,209981,911306,31139,36240,1050608,1144064,38265,25789,4661,7815
2003:Q1,RemainingTop1,6988823,7420620,1655792,329257,1583167,318897,319265,1611047,1603195,431797,308185,25332,98280
2003:Q1,Next9,15790847,17187752,4498866,716542,2251193,3904605,1344822,1607446,2864278,1396905,1114808,151401,130696
2003:Q1,Next40,15768372,19743834,7734693,1501624,1272152,3749450,1405740,1088529,2991646,3975462,3123980,772597,78885
2003:Q1,Bottom50,1229774,3904506,2087592,792180,73309,202927,187268,76591,484640,2674732,1614479,1035133,25120
2003:Q2,TopPt1,4166201,4209591,527413,223118,1178563,31898,39675,1077740,1131184,43390,27808,5089,10493
2003:Q2,RemainingTop1,7354945,7812806,1717397,320645,1886953,303076,342481,1662126,1580129,457861,320221,26204,111436
2003:Q2,Next9,16576656,18049618,4611956,728002,2640482,3985024,1484545,1638229,2961380,1472962,1156830,156708,159424
2003:Q2,Next40,16164339,20303004,7904986,1516499,1415364,3775181,1537129,1120764,3033081,4138665,3260651,782652,95362
2003:Q2,Bottom50,1194719,3982768,2134188,797794,82524,204239,200852,78305,484867,2788050,1682869,1051277,53904
2003:Q3,TopPt1,4277248,4323684,541775,225519,1296217,32729,40472,1095643,1091329,46436,30923,5830,9683
2003:Q3,RemainingTop1,7564191,8033191,1771383,314226,2012221,286214,344621,1708190,1596336,469000,328765,27008,113227
2003:Q3,Next9,16928153,18446867,4693920,752255,2774144,4058552,1534340,1659599,2974057,1518714,1207884,163388,147442
2003:Q3,Next40,16351129,20623705,8090442,1534997,1456595,3795444,1570339,1150654,3025234,4272576,3391448,797598,83530
2003:Q3,Bottom50,1227457,4070600,2214360,803846,82960,205324,202010,80069,482031,2843142,1731913,1065851,45378
2003:Q4,TopPt1,4556074,4610075,554665,233918,1541193,33510,43478,1101002,1102309,54001,31796,6348,15857
2003:Q4,RemainingTop1,7955876,8456872,1832746,306834,2273451,270034,365355,1747302,1661150,500996,341731,28081,131184
2003:Q4,Next9,17629552,19167499,4794103,771305,3093537,4139522,1670673,1668111,3030248,1537947,1229674,170088,138185
2003:Q4,Next40,16773670,21170141,8292173,1554283,1559396,3820968,1692629,1177267,3073425,4396471,3505740,812021,78710
2003:Q4,Bottom50,1245805,4156329,2269018,811261,89019,206627,214067,81895,484441,2910524,1786672,1086395,37457
2004:Q1,TopPt1,4998327,5054650,576780,249426,1677865,33939,43898,1139660,1333082,56323,33291,6338,16694
2004:Q1,RemainingTop1,8460756,8978896,1927432,298717,2411528,258880,366177,1805207,1910955,518140,351917,28159,138064
2004:Q1,Next9,18455361,20017284,4987794,787356,3237649,4263476,1722961,1710119,3307929,1561924,1253566,169612,138746
2004:Q1,Next40,17368957,21858485,8633677,1579236,1597282,3878516,1721473,1212957,3235344,4489528,3608552,805307,75669
2004:Q1,Bottom50,1270904,4219861,2308309,823031,89122,209265,214396,83594,492144,2948957,1821362,1087056,40539
2004:Q2,TopPt1,5062168,5122862,599784,247359,1694064,36698,44405,1239125,1261426,60694,36139,6667,17888
2004:Q2,RemainingTop1,8583486,9120622,1999445,293656,2418547,270428,365171,1897531,1875844,537135,362337,28676,146122
2004:Q2,Next9,18745792,20366842,5116458,819510,3197287,4344956,1758472,1813691,3316468,1621050,1306192,172865,141993
2004:Q2,Next40,17627884,22263419,8900244,1603099,1572079,3947795,1740166,1265253,3234783,4635535,3751118,809863,74554
2004:Q2,Bottom50,1315087,4343027,2429667,831489,83120,209894,213830,85062,489966,3027940,1885487,1096468,45985
2004:Q3,TopPt1,5236289,5297095,622178,265977,1709907,39477,44171,1339093,1276291,60805,37875,7346,15584
2004:Q3,RemainingTop1,8829840,9379180,2097794,283823,2424319,282365,360389,1990306,1940185,549340,374403,29815,145122
2004:Q3,Next9,19174318,20832663,5360312,824753,3153068,4428765,1785750,1917750,3362266,1658346,1341824,180741,135781
2004:Q3,Next40,17929099,22701419,9194962,1616362,1545161,4018847,1742550,1317855,3265683,4772320,3879614,828308,64398
2004:Q3,Bottom50,1300650,4408915,2497831,836946,76793,210542,210969,86543,489292,3108266,1945775,1118664,43827
2004:Q4,TopPt1,5580998,5644229,640789,256982,1902655,49668,49673,1384911,1359550,63231,39030,7483,16718
2004:Q4,RemainingTop1,9189835,9737617,2157347,294939,2627569,305157,400096,1989486,1963023,547782,375864,31357,140561
2004:Q4,Next9,20008277,21763233,5543163,843202,3428315,4509790,1909957,2011280,3517526,1754957,1414508,188125,152324
2004:Q4,Next40,18515920,23391356,9515104,1640736,1621541,4087195,1861686,1309658,3355436,4875436,3949689,851023,74724
2004:Q4,Bottom50,1338612,4600415,2611128,862359,85504,210907,227983,95163,507371,3261803,2061487,1142131,58185
2005:Q1,TopPt1,5656866,5715270,657658,255276,1914553,60317,52020,1439568,1335878,58404,36902,6137,15365
2005:Q1,RemainingTop1,9290695,9836563,2216117,304219,2639052,323469,412491,1993795,1947420,545868,384271,31878,129719
2005:Q1,Next9,20371883,22155483,5773859,850653,3438886,4552041,1903744,2113478,3522822,1783600,1447650,183223,152727
2005:Q1,Next40,18795234,23706080,9758885,1659242,1611627,4126478,1849070,1304044,3396735,4910846,4001688,836469,72689
2005:Q1,Bottom50,1360575,4763477,2727518,885749,85950,210010,229159,103723,521369,3402903,2198049,1147267,57587
2005:Q2,TopPt1,5916312,5977354,677017,265958,1991987,71010,55729,1540801,1374853,61042,37842,5806,17394
2005:Q2,RemainingTop1,9548202,10093893,2290694,311589,2718044,342899,437045,2025144,1968479,545691,386553,32945,126193
2005:Q2,Next9,20995240,22861171,6067065,847774,3542758,4601729,1956842,2262981,3582022,1865930,1522603,186042,157285
2005:Q2,Next40,19105349,24103628,9965973,1680265,1630018,4171358,1894474,1311691,3449849,4998278,4077147,845476,75655
2005:Q2,Bottom50,1375690,4926884,2833548,912774,89372,209308,237275,112109,532498,3551194,2328614,1162121,60459
2005:Q3,TopPt1,6148230,6211061,696161,253582,2134267,81844,60457,1657887,1326863,62832,38865,5737,18230
2005:Q3,RemainingTop1,9806779,10349519,2348242,322188,2862550,362144,466508,2066026,1921862,542740,388568,34336,119836
2005:Q3,Next9,21613756,23567136,6297984,860208,3737527,4648086,2020074,2428549,3574708,1953380,1599657,191668,162055
2005:Q3,Next40,19505669,24600082,10265001,1691213,1674653,4213729,1960318,1324137,3471030,5094413,4153306,863029,78078
2005:Q3,Bottom50,1447604,5156615,3004646,930723,95742,208458,248355,120445,548246,3709011,2461485,1183615,63911
2005:Q4,TopPt1,6317347,6382496,707092,241867,2178456,92771,64688,1718610,1379011,65149,39859,5681,19609
2005:Q4,RemainingTop1,10000470,10538983,2392843,333083,2904656,381706,493678,2074287,1958731,538513,389438,35629,113446
2005:Q4,Next9,22102948,24131735,6488423,874371,3790346,4695305,2079253,2536142,3667896,2028787,1672787,196910,159090
2005:Q4,Next40,19916630,25089429,10555759,1705828,1674537,4256707,2015906,1320736,3559956,5172798,4217711,879436,75651
2005:Q4,Bottom50,1511710,5357801,3147548,951122,97617,207596,257952,128930,567037,3846091,2583072,1202900,60119
2006:Q1,TopPt1,6781034,6850941,700138,251776,2552575,103731,68769,1745415,1428538,69907,41901,5350,22656
2006:Q1,RemainingTop1,10441572,10978390,2398116,340397,3280696,402147,520031,2062683,1974320,536818,389123,36441,111254
2006:Q1,Next9,22886376,25019497,6590920,869225,4307765,4748196,2136174,2608559,3758658,2133121,1763477,198560,171084
2006:Q1,Next40,20078305,25347102,10490512,1722846,1810264,4303863,2067402,1307618,3644597,5268797,4299346,884931,84520
2006:Q1,Bottom50,1482743,5478917,3194948,976567,114563,206874,267000,137466,581498,3996173,2713091,1212303,70779
2006:Q2,TopPt1,6784264,6857286,703161,239833,2472187,114867,71121,1822631,1433486,73021,42944,4791,25286
2006:Q2,RemainingTop1,10399979,10935661,2412878,351420,3194208,421776,531900,2080589,1942889,535682,391049,37104,107529
2006:Q2,Next9,23012597,25234788,6707485,883319,4181573,4792577,2126037,2732409,3811388,2222191,1844335,198185,179671
2006:Q2,Next40,20139265,25493123,10604441,1737313,1754709,4344546,2051374,1308981,3691759,5353858,4378174,884767,90917
2006:Q2,Bottom50,1486453,5645245,3326530,997345,110717,205840,267845,145843,591125,4158792,2855587,1224763,78442
2006:Q3,TopPt1,6978136,7053527,700416,224706,2583396,125976,75248,1891458,1452327,75391,43147,4886,27358
2006:Q3,RemainingTop1,10587705,11120746,2413350,363064,3300412,442632,558254,2093612,1949423,533041,392375,38327,102339
2006:Q3,Next9,23438527,25735904,6780284,900551,4323719,4845711,2181658,2847329,3856652,2297377,1906866,203256,187255
2006:Q3,Next40,20334677,25762073,10701638,1752002,1776357,4391651,2102039,1307954,3730432,5427397,4428468,902668,96261
2006:Q3,Bottom50,1481030,5806221,3434035,1017954,115620,205049,276853,154206,602504,4325191,2977568,1262304,85319
2006:Q4,TopPt1,7269476,7349539,689701,220787,2839605,137073,80394,1935381,1446598,80063,43255,4973,31835
2006:Q4,RemainingTop1,10869478,11401429,2405520,372396,3550014,464313,592193,2091983,1925010,531951,390847,39416,101688
2006:Q4,Next9,24028240,26397019,6827727,904124,4666254,4904360,2269019,2936251,3889284,2368778,1956193,207998,204587
2006:Q4,Next40,20560520,26035943,10718082,1762611,1853447,4442718,2186655,1299696,3772734,5475423,4446289,918452,110682
2006:Q4,Bottom50,1459422,5910531,3470137,1038341,127146,204397,290124,162568,617818,4451108,3062759,1285878,102471
2007:Q1,TopPt1,7524057,7604524,671886,229979,3016613,148312,84127,1938744,1514863,80467,44908,4355,31204
2007:Q1,RemainingTop1,11084819,11602436,2380049,379667,3718415,485171,613657,2066384,1959094,517617,387277,39103,91237
2007:Q1,Next9,24447570,26884686,6831184,896693,4895701,4954553,2296580,2982901,4027074,2437116,2028328,202445,206343
2007:Q1,Next40,20578891,26076969,10533998,1775770,1896060,4487259,2213280,1279577,3891026,5498079,4484896,903803,109380
2007:Q1,Bottom50,1410143,5955674,3448184,1062524,135043,203438,296425,170925,639135,4545531,3151845,1290467,103219
2007:Q2,TopPt1,7696489,7779228,660421,229960,3134340,158292,89166,1979701,1527348,82739,45632,4339,32768
2007:Q2,RemainingTop1,11184683,11697452,2360140,388613,3826685,504262,648569,2062990,1906193,512768,385695,40163,86910
2007:Q2,Next9,24841270,27365624,6850628,898268,5041091,5022088,2394397,3067948,4091203,2524354,2091364,206692,226298
2007:Q2,Next40,20569795,26129858,10406073,1789206,1913384,4533747,2302283,1270348,3914818,5560063,4520156,917434,122473
2007:Q2,Bottom50,1366741,6049230,3478506,1085574,140224,205235,310000,179153,650538,4682489,3252347,1308339,121803
2007:Q3,TopPt1,7917009,8002726,643984,222498,3172228,168236,93006,1997535,1705238,85717,45406,4721,35590
2007:Q3,RemainingTop1,11347067,11851109,2327682,398508,3855363,522463,672110,2045949,2029035,504043,385400,41573,77070
2007:Q3,Next9,25217752,27790026,6810563,903816,5074879,5082546,2435119,3128663,4354439,2572274,2142205,213972,216097
2007:Q3,Next40,20623630,26227554,10277007,1798034,1898346,4574820,2338348,1254317,4086682,5603924,4544201,942473,117250
2007:Q3,Bottom50,1323008,6145455,3515592,1105085,141750,206799,317313,187323,671593,4822447,3355460,1352814,114173
2007:Q4,TopPt1,7755939,7846054,650418,237355,2968484,169245,91877,1933698,1794978,90115,47431,5884,36800
2007:Q4,RemainingTop1,11176509,11687839,2295662,387498,3672205,541799,665415,2037926,2087333,511329,386321,45260,79748
2007:Q4,Next9,25123942,27720221,6755323,911538,4836338,5115843,2427763,3050460,4622957,2596279,2159580,220218,216481
2007:Q4,Next40,20515795,26160642,10147156,1825494,1820073,4633225,2285347,1259778,4189568,5644847,4561783,959441,123623
2007:Q4,Bottom50,1105980,6028778,3395453,1112904,131411,206678,312966,187466,681900,4922798,3422018,1378674,122106
2008:Q1,TopPt1,7389896,7484755,646073,239761,2678568,170314,88877,1752362,1908801,94859,49663,6313,38883
2008:Q1,RemainingTop1,10798210,11317898,2219953,378740,3402116,560084,638345,1957159,2161501,519688,385729,47417,86542
2008:Q1,Next9,24559216,27179967,6562912,931898,4476185,5139782,2315213,2848540,4905436,2620750,2174406,215699,230645
2008:Q1,Next40,20075574,25729208,9817910,1853832,1707210,4684390,2140118,1228324,4297425,5653634,4568814,944997,139823
2008:Q1,Bottom50,928281,5930181,3311329,1119147,117172,206243,297610,187232,691448,5001900,3471511,1387582,142807
2008:Q2,TopPt1,7173802,7271851,646301,230276,2538876,171187,89358,1699295,1896557,98049,54327,7704,36018
2008:Q2,RemainingTop1,10673482,11180920,2149499,371224,3279500,579819,637756,1951717,2211405,507437,377000,50473,79964
2008:Q2,Next9,24217202,26841775,6383345,956964,4322381,5176236,2317534,2780154,4905161,2624572,2201253,219358,203961
2008:Q2,Next40,19728442,25359720,9525597,1872252,1651705,4744768,2113140,1233810,4218448,5631277,4554643,952876,123758
2008:Q2,Bottom50,924992,5890021,3294801,1118027,109833,206209,296955,186947,677250,4965029,3452060,1390043,122926
2008:Q3,TopPt1,6737553,6841551,643530,237004,2134054,172166,85576,1599063,1970158,103998,53378,8256,42364
2008:Q3,RemainingTop1,10265275,10793448,2092349,360914,2889082,598289,605004,1915395,2332415,528172,380011,53112,95049
2008:Q3,Next9,23490283,26117704,6248547,967367,3794741,5201704,2191918,2661345,5052082,2627421,2169525,218126,239770
2008:Q3,Next40,19256173,24879408,9244658,1892098,1489617,4796805,1948245,1223171,4284814,5623235,4514728,949096,159411
2008:Q3,Bottom50,700679,5777246,3212328,1120351,90465,205815,278198,186313,683775,5076567,3494200,1415222,167145
2008:Q4,TopPt1,6094573,6197074,637060,245835,1533591,173352,80044,1445871,2081321,102502,53168,8779,40555
2008:Q4,RemainingTop1,9817295,10332216,2039353,348546,2290754,614655,548020,1843028,2647860,514921,379908,55668,79345
2008:Q4,Next9,22294649,24812116,6125663,963906,2979277,5208777,1936844,2484634,5113015,2517467,2138615,216346,162506
2008:Q4,Next40,18699251,24214481,9007204,1894561,1240857,4835048,1682702,1193392,4360717,5515230,4461565,941688,111977
2008:Q4,Bottom50,565632,5596506,3086345,1113398,62350,204820,246880,185047,697666,5030873,3506810,1421307,102756
2009:Q1,TopPt1,5744195,5843616,630784,248075,1298970,174753,78868,1302158,2110009,99421,52793,8180,38448
2009:Q1,RemainingTop1,9552670,10067287,1982627,337173,2057544,628989,533302,1772780,2754872,514617,382766,56442,75409
2009:Q1,Next9,21701945,24168356,5993613,966099,2672974,5197986,1893154,2316038,5128492,2466411,2117596,202852,145963
2009:Q1,Next40,18319238,23758421,8763362,1895987,1136820,4860010,1602624,1163670,4335949,5439183,4435711,900079,103393
2009:Q1,Bottom50,403169,5464308,2996928,1104722,50955,203244,238073,183352,687034,5061139,3557721,1410589,92829
2009:Q2,TopPt1,5785997,5889594,632059,241840,1681606,175784,83949,1126767,1947589,103597,54915,8624,40058
2009:Q2,RemainingTop1,9762553,10278325,1927829,327719,2467964,646919,574610,1676943,2656341,515772,378682,58606,78484
2009:Q2,Next9,22104981,24566598,5879655,979638,3259345,5219018,2101952,2110093,5016897,2461617,2115960,198806,146851
2009:Q2,Next40,18321590,23722542,8513224,1902102,1297734,4908910,1753758,1119390,4227424,5400952,4404720,884519,111713
2009:Q2,Bottom50,416166,5475355,2992019,1097215,67376,202712,259419,180699,675914,5059189,3557298,1398317,103574
2009:Q3,TopPt1,6139570,6245400,636496,230886,2075653,176810,89299,1074590,1961666,105830,54650,9142,42038
2009:Q3,RemainingTop1,10197460,10720148,1885623,318490,2886359,665165,618645,1659983,2685882,522688,379110,60766,82812
2009:Q3,Next9,22890755,25323577,5791023,993779,3858470,5243088,2327440,2038675,5071102,2432822,2086564,196428,149830
2009:Q3,Next40,18519279,23874740,8334371,1902445,1460011,4960316,1918558,1115776,4183263,5355462,4356502,877153,121807
2009:Q3,Bottom50,383375,5491416,2989893,1085667,84334,202287,282396,179211,667629,5108041,3576602,1415222,116217
2009:Q4,TopPt1,6115144,6224438,643359,243978,2138903,178042,91703,1009167,1919286,109294,56452,9814,43028
2009:Q4,RemainingTop1,10258490,10782671,1868407,306810,2964799,681878,636698,1631840,2692240,524181,375290,62938,85953
2009:Q4,Next9,23084857,25513513,5776025,998040,3984335,5253719,2440650,1952071,5108674,2428656,2080226,193821,154609
2009:Q4,Next40,18543356,23864008,8192406,1922403,1485115,5002042,1974315,1105753,4181974,5320652,4320794,868000,131858
2009:Q4,Bottom50,331556,5455894,2937071,1088902,86358,201431,291137,177360,673635,5124338,3573991,1420445,129902
2010:Q1,TopPt1,6300670,6418375,654096,243369,2281882,178358,94733,1034669,1931267,117704,57810,9854,50040
2010:Q1,RemainingTop1,10497024,11032418,1856458,295916,3125066,707818,656112,1666776,2724273,535394,369571,63802,102021
2010:Q1,Next9,23583845,25993603,5768456,1004503,4224498,5346959,2549846,1968634,5130707,2409758,2057107,183041,169610
2010:Q1,Next40,18764870,24012068,8131507,1926213,1543456,5105829,2034086,1129636,4141341,5247198,4253711,833775,159712
2010:Q1,Bottom50,321130,5417786,2904009,1080802,91983,203302,300834,177163,659692,5096656,3537262,1402585,156809
2010:Q2,TopPt1,6177983,6300099,667152,244809,2021122,178393,93647,1131044,1963932,122116,60475,10639,51002
2010:Q2,RemainingTop1,10334837,10869884,1847988,284078,2870043,726576,634605,1752715,2753880,535048,363189,66224,105635
2010:Q2,Next9,23421614,25831105,5782216,1005982,3885024,5444838,2469486,2066691,5176868,2409492,2057880,180707,170905
2010:Q2,Next40,18538732,23747080,8027662,1925625,1435036,5172892,1919267,1181480,4085117,5208348,4216876,824135,167337
2010:Q2,Bottom50,297578,5375211,2909628,1070417,79435,202912,287964,178507,646348,5077633,3514436,1396747,166450
2010:Q3,TopPt1,6528905,6651847,672168,240662,2325689,178165,98271,1171157,1965734,122942,61517,11617,49808
2010:Q3,RemainingTop1,10751362,11282854,1824189,273616,3197670,748961,671470,1799030,2767919,531492,359816,68780,102896
2010:Q3,Next9,24305733,26690944,5732526,1015589,4359320,5575683,2671633,2102025,5234168,2385210,2039138,181076,164996
2010:Q3,Next40,18844162,24002663,7928403,1929162,1561884,5265416,2053341,1212136,4052321,5158500,4167203,825293,166004
2010:Q3,Bottom50,328851,5418918,2933304,1061337,92318,203644,307041,178966,642309,5090067,3504081,1416960,169026
2010:Q4,TopPt1,6863640,6983531,662357,259080,2590079,165782,99514,1225528,1981191,119891,58075,13299,48517
2010:Q4,RemainingTop1,11098509,11631951,1826214,278332,3440012,770255,702602,1800318,2814219,533442,357256,69258,106928
2010:Q4,Next9,24987709,27378905,5695397,1005090,4717516,5695750,2799359,2155666,5310127,2391195,2013501,201325,176369
2010:Q4,Next40,19182714,24364927,7856773,1926574,1683135,5371656,2204236,1212785,4109768,5182213,4131051,885663,165499
2010:Q4,Bottom50,246250,5298542,2780402,1066426,102245,208351,319800,174404,646913,5052292,3398015,1477266,177011
2011:Q1,TopPt1,7110256,7226625,651489,269460,2824843,154237,101423,1258211,1966963,116369,57216,12734,46419
2011:Q1,RemainingTop1,11347771,11875887,1813528,285370,3648325,783432,725459,1785327,2834446,528116,353536,65157,109423
2011:Q1,Next9,25351031,27772197,5602085,1007355,5029811,5743058,2853416,2184781,5351692,2421166,2034430,195624,191112
2011:Q1,Next40,19357979,24546563,7728411,1931563,1791348,5424076,2318765,1204735,4147664,5188583,4153869,869414,165300
2011:Q1,Bottom50,252760,5246440,2694449,1074515,110788,210664,328585,169345,658095,4993680,3321075,1485380,187225
2011:Q2,TopPt1,7209728,7320929,650622,293618,2822578,142743,100712,1298425,2012230,111200,54969,12729,43502
2011:Q2,RemainingTop1,11403219,11926488,1831167,290229,3615623,796032,730311,1774758,2888368,523269,352231,62765,108273
2011:Q2,Next9,25500977,27929789,5613268,998605,5005099,5784890,2844155,2222303,5461469,2428812,2037692,199224,191896
2011:Q2,Next40,19456879,24653905,7642409,1939950,1804188,5472975,2358532,1199188,4236663,5197026,4163430,878492,155104
2011:Q2,Bottom50,274408,5210454,2641598,1086672,108593,212810,326938,164300,669542,4936046,3252347,1499867,183832
2011:Q3,TopPt1,6849008,6957244,645756,286399,2314974,131527,95468,1356866,2126253,108236,53129,12967,42140
2011:Q3,RemainingTop1,10959433,11479177,1824605,300026,3073740,805298,690416,1775633,3009459,519744,350275,60062,109407
2011:Q3,Next9,24688553,27129598,5538500,1014591,4265172,5796196,2615931,2279967,5619242,2441045,2046139,203532,191374
2011:Q3,Next40,19225764,24443485,7640040,1940319,1613230,5499481,2196824,1199848,4353743,5217721,4177218,892217,148286
2011:Q3,Bottom50,275920,5174208,2642535,1089293,83650,213958,300397,159365,685009,4898287,3181632,1533397,183258
2011:Q4,TopPt1,7120541,7224957,637523,301232,2509853,119800,97319,1428239,2130990,104416,50410,13188,40818
2011:Q4,RemainingTop1,11248432,11766926,1829558,305454,3240095,819638,717089,1783867,3071225,518495,350252,57731,110512
2011:Q4,Next9,25168062,27611306,5504071,1007174,4520748,5852620,2707094,2351571,5668028,2443244,2045601,210000,187643
2011:Q4,Next40,19523623,24761695,7594154,1937299,1707713,5560159,2336201,1204401,4421768,5238072,4187469,910972,139631
2011:Q4,Bottom50,262768,5128690,2560662,1093494,90185,216610,310772,154386,702581,4865922,3121206,1564334,180382
2012:Q1,TopPt1,7512750,7614093,633478,327943,2906308,107917,99774,1454947,2083726,101343,49539,12804,39000
2012:Q1,RemainingTop1,11660443,12172860,1844327,309642,3604459,835153,755523,1761111,3062646,512418,345701,53657,113060
2012:Q1,Next9,25895817,28362523,5502344,994090,5056461,5919002,2877897,2373528,5639201,2466706,2061363,206072,199271
2012:Q1,Next40,19866294,25103062,7488932,1942824,1881839,5628555,2537491,1192272,4431149,5236768,4199332,899358,138078
2012:Q1,Bottom50,286878,5079459,2467826,1104416,105742,219600,327342,148705,705828,4792580,3032026,1573150,187404
2012:Q2,TopPt1,7541514,7638904,647057,329334,2805035,96301,99394,1531974,2129809,97390,47146,13006,37238
2012:Q2,RemainingTop1,11619957,12129855,1871238,317457,3471200,846763,749597,1770428,3103172,509899,344566,50980,114353
2012:Q2,Next9,25854141,28328826,5549636,998533,4891729,5949179,2783447,2450520,5705782,2474686,2062185,211826,200675
2012:Q2,Next40,19906444,25158601,7537365,1938098,1857295,5669966,2528896,1197151,4429829,5252157,4206143,915285,130729
2012:Q2,Bottom50,360705,5108374,2516705,1105542,98853,221396,319878,143358,702642,4747669,2961789,1599371,186509
2012:Q3,TopPt1,7893980,7985874,658444,334177,3020428,84385,101077,1634508,2152854,91894,43343,13029,35522
2012:Q3,RemainingTop1,11957340,12468413,1907560,324760,3651108,860923,772184,1794567,3157311,511072,346862,48237,115973
2012:Q3,Next9,26474839,28949579,5613479,1000135,5169082,6001506,2858451,2554647,5752278,2474740,2051091,217656,205993
2012:Q3,Next40,20351924,25623434,7656047,1933960,1958388,5727989,2660252,1209630,4477168,5271510,4212187,933127,126196
2012:Q3,Bottom50,394775,5134864,2524253,1107574,106165,223929,327785,137943,707215,4740089,2912149,1638403,189537
2012:Q4,TopPt1,8029664,8120497,666166,343818,3064216,72457,101153,1700524,2172163,90833,43708,14037,33088
2012:Q4,RemainingTop1,12082783,12582329,1941925,331876,3660124,874139,778943,1793601,3201721,499546,340023,45522,114001
2012:Q4,Next9,26751358,29257326,5666875,1001462,5205576,6044166,2854277,2618308,5866662,2505968,2079520,227750,198698
2012:Q4,Next40,20628985,25932285,7750221,1936266,1991711,5778667,2718606,1208508,4548306,5303300,4230133,959997,113170
2012:Q4,Bottom50,476053,5137581,2508690,1114018,105687,226141,326721,131965,724359,4661528,2813611,1665599,182318
2013:Q1,TopPt1,8499342,8578816,685909,363290,3516830,59153,103776,1759960,2089898,79474,35545,12273,31656
2013:Q1,RemainingTop1,12568154,13078560,2008602,337206,4069409,903840,809198,1787192,3163113,510406,351815,41740,116851
2013:Q1,Next9,27831347,30290948,5821192,993023,5807904,6235923,2970836,2674332,5787738,2459601,2028402,221926,209273
2013:Q1,Next40,21328526,26611400,7940603,1937890,2183896,5940831,2893387,1204221,4510572,5282874,4224671,945646,112557
2013:Q1,Bottom50,461228,5156438,2486269,1121682,123651,233280,338744,125711,727101,4695210,2812465,1692189,190556
2013:Q2,TopPt1,8617167,8693130,714519,367489,3586319,45002,104123,1910458,1965220,75963,33176,12434,30353
2013:Q2,RemainingTop1,12641702,13151996,2070887,344445,4101348,922989,815677,1836210,3060440,510294,351604,38842,119848
2013:Q2,Next9,28252831,30734309,5974288,993124,5877046,6422692,2961486,2827613,5678060,2481477,2034677,229006,217794
2013:Q2,Next40,21682741,26999874,8130497,1930102,2226604,6085558,2954346,1228558,4444209,5317132,4242172,963808,111152
2013:Q2,Bottom50,556204,5223727,2549486,1121661,124242,241860,337353,119629,729495,4667523,2752969,1716102,198452
2013:Q3,TopPt1,8978398,9050318,734929,362322,3817847,30613,106261,2054265,1944081,71920,31111,12732,28077
2013:Q3,RemainingTop1,13015345,13522803,2139477,353653,4290855,943775,841847,1878831,3074366,507458,352200,35827,119431
2013:Q3,Next9,29084311,31588617,6077031,1003960,6168709,6623720,3063811,2972321,5679065,2504306,2050634,236329,217343
2013:Q3,Next40,22343397,27706958,8378481,1924906,2331279,6240342,3115839,1248892,4467219,5363561,4276241,985596,101724
2013:Q3,Bottom50,663738,5326849,2623150,1121621,132148,250912,346789,113110,739120,4663112,2709020,1759812,194280
2013:Q4,TopPt1,9292596,9368306,748930,369115,4085655,33850,116500,2101050,1913207,75710,31865,13277,30568
2013:Q4,RemainingTop1,13426075,13954300,2174128,352511,4594453,930686,870002,1961275,3071245,528225,359626,40075,128524
2013:Q4,Next9,29968696,32507662,6181605,998048,6509214,6877062,3268426,2969287,5704020,2538966,2034117,242893,261956
2013:Q4,Next40,22834474,28290487,8574006,1936801,2413880,6371067,3241167,1262500,4491066,5456013,4300641,1017969,137403
2013:Q4,Bottom50,660662,5345618,2609117,1120859,140619,253229,360856,114468,746470,4684956,2668794,1776253,239909
2014:Q1,TopPt1,9597074,9674871,761847,385091,4330304,38182,124209,2092597,1942641,77797,33600,13155,31042
2014:Q1,RemainingTop1,13817041,14353559,2228067,349359,4876090,902251,874146,2008327,3115320,536518,364285,42808,129425
2014:Q1,Next9,30642312,33173890,6302775,980735,6819513,6992670,3346022,2908747,5823428,2531579,2023151,238872,269556
2014:Q1,Next40,23124961,28610285,8701490,1944610,2488864,6397246,3248034,1258317,4571724,5485325,4319279,1021147,144899
2014:Q1,Bottom50,702806,5339339,2586877,1119273,148060,250942,361497,115583,757107,4636533,2609150,1780833,246550
2014:Q2,TopPt1,9981749,10063064,782269,392683,4592282,42483,132890,2180211,1940246,81315,35851,14067,31397
2014:Q2,RemainingTop1,14282468,14828223,2283708,348388,5175385,874250,887184,2114732,3144575,545755,368840,47051,129864
2014:Q2,Next9,31415318,33956498,6433716,976255,7155224,7113851,3468236,2952260,5856956,2541180,2021706,247428,272046
2014:Q2,Next40,23456901,29015036,8872118,1959751,2571578,6426697,3299408,1285358,4600126,5558135,4350027,1058298,149810
2014:Q2,Bottom50,800488,5405230,2634510,1120466,156299,248791,367287,117099,760778,4604742,2557461,1797158,250123
2014:Q3,TopPt1,10039157,10121589,795789,408595,4501272,46911,139444,2267719,1961859,82432,37836,14883,29713
2014:Q3,RemainingTop1,14393413,14940062,2342261,346635,5127906,844460,878714,2220836,3179250,546649,374724,51035,120890
2014:Q3,Next9,31664243,34177370,6562682,968749,7003193,7220914,3471706,2996891,5953235,2513127,2021113,254173,237841
2014:Q3,Next40,23608159,29217165,9066463,1982340,2517994,6444674,3245775,1312621,4647297,5609005,4387824,1093092,128089
2014:Q3,Bottom50,829638,5395886,2628507,1127209,148710,246124,361338,118644,765354,4566248,2517857,1829763,218628
2014:Q4,TopPt1,10311041,10396023,802844,426223,4678326,51257,147160,2339439,1950774,84981,39753,15659,29569
2014:Q4,RemainingTop1,14748900,15304315,2391207,343845,5344022,815765,885460,2316603,3207413,555415,380671,55284,119460
2014:Q4,Next9,32239990,34754129,6661635,954575,7223229,7339476,3566197,3025809,5983208,2514139,2019337,262241,232561
2014:Q4,Next40,23830936,29511962,9201616,1997226,2569068,6470659,3269136,1334938,4669320,5681026,4424038,1128949,128039
2014:Q4,Bottom50,828815,5369029,2588416,1129892,153211,243803,363820,120135,769752,4540214,2477708,1847406,215100
2015:Q1,TopPt1,10551816,10637707,818591,440736,4787486,55674,155128,2396524,1983568,85891,40752,15243,29896
2015:Q1,RemainingTop1,15063302,15629021,2446088,341702,5493150,786028,891322,2402548,3268183,565719,387261,57697,120761
2015:Q1,Next9,32829122,35322413,6786486,944077,7349881,7450741,3646238,3040194,6104795,2493291,2002185,256776,234330
2015:Q1,Next40,24158091,29860738,9350801,2013145,2594231,6490554,3288043,1352622,4771342,5702647,4442132,1126866,133649
2015:Q1,Bottom50,876018,5372967,2570697,1132679,154713,241204,366121,121560,785993,4496949,2428607,1850521,217821
2015:Q2,TopPt1,10681709,10770113,840369,459012,4805951,60168,161243,2496319,1947051,88404,42227,15896,30281
2015:Q2,RemainingTop1,15242918,15823660,2513406,340621,5552000,755183,885855,2515880,3260714,580741,395497,62047,123197
2015:Q2,Next9,33155443,35659788,6944459,941950,7351212,7554353,3681929,3100879,6085005,2504345,2001237,265261,237847
2015:Q2,Next40,24261732,30056877,9521462,2047138,2584334,6504184,3255693,1384578,4759488,5795145,4490082,1163766,141297
2015:Q2,Bottom50,905339,5405667,2596858,1146365,152241,238317,362152,123249,786486,4500328,2407567,1870771,221990
2015:Q3,TopPt1,10410822,10501485,855752,454174,4383105,64831,163745,2551588,2028290,90662,43927,16632,30103
2015:Q3,RemainingTop1,15027334,15620161,2560562,342294,5169248,721967,849437,2599885,3376768,592827,403459,66080,123288
2015:Q3,Next9,32782630,35290744,7027066,952408,6738895,7639684,3558033,3115134,6259524,2508114,2003247,272902,231965
2015:Q3,Next40,24168126,30051633,9765030,2066615,2400433,6503564,3079051,1402026,4834914,5883506,4540796,1200570,142140
2015:Q3,Bottom50,906478,5416840,2646082,1148205,130475,234782,341737,124697,790862,4510362,2386908,1906882,216572
2015:Q4,TopPt1,10606400,10698447,863730,455874,4571499,69254,171650,2558847,2007593,92047,46465,15565,30017
2015:Q4,RemainingTop1,15321568,15926522,2601608,342698,5395303,692007,862009,2651506,3381392,604954,409975,67732,127247
2015:Q4,Next9,33318198,35825013,7095563,956090,6977347,7755051,3692467,3079456,6269039,2506815,2015692,262058,229065
2015:Q4,Next40,24533220,30459570,9964205,2085310,2458240,6525521,3136746,1403663,4885884,5926350,4598945,1178533,148872
2015:Q4,Bottom50,995482,5451443,2655204,1150654,135652,232241,347924,125842,803926,4455961,2364729,1876342,214890
2016:Q1,TopPt1,10751637,10844455,876097,472635,4648707,73761,178864,2529103,2065288,92818,47483,15268,30067
2016:Q1,RemainingTop1,15535571,16154030,2652420,341191,5509505,660862,865244,2677083,3447725,618460,417971,70097,130392
2016:Q1,Next9,33790132,36279962,7201680,950856,7061404,7862313,3768866,3005623,6429220,2489830,2003868,258669,227293
2016:Q1,Next40,24803099,30769819,10099629,2112325,2472496,6541185,3150509,1392900,5000775,5966721,4631313,1181556,153852
2016:Q1,Bottom50,1023600,5452846,2631571,1160236,136001,229406,349423,126692,819516,4429246,2331448,1886646,211152
2016:Q2,TopPt1,11034087,11128951,897013,500007,4794575,79511,185778,2605812,2066255,94864,48737,15749,30378
2016:Q2,RemainingTop1,15882263,16517551,2736328,338075,5692185,643310,870459,2773319,3463875,635288,427246,74154,133888
2016:Q2,Next9,34417197,36914903,7414675,937626,7241458,7945231,3869577,3045016,6461320,2497706,2001680,265962,230064
2016:Q2,Next40,25103802,31162536,10326357,2142641,2514529,6574580,3176556,1417974,5009899,6058734,4683257,1214609,160868
2016:Q2,Bottom50,1028043,5461684,2621648,1173376,139352,226822,351916,128308,820261,4433640,2316938,1906319,210383
2016:Q3,TopPt1,11246855,11344597,910373,484439,4955291,85248,193948,2672578,2042719,97741,50724,16449,30568
2016:Q3,RemainingTop1,16192969,16844055,2773327,341220,5889302,626102,883862,2862386,3467856,651087,435425,77972,137690
2016:Q3,Next9,34912639,37428202,7463709,955801,7442439,8032504,4006320,3074451,6452979,2515564,2009516,273458,232590
2016:Q3,Next40,25516987,31680047,10608160,2158277,2562967,6611504,3240810,1439924,5058405,6163060,4744031,1250568,168461
2016:Q3,Bottom50,1151766,5607705,2747066,1171454,143349,224376,358977,129876,832607,4455938,2303651,1943143,209144
2016:Q4,TopPt1,11202292,11302318,925749,471939,4954963,82047,188054,2684926,1994641,100026,50793,17069,32164
2016:Q4,RemainingTop1,16287401,16940268,2811725,340555,6010635,632390,874223,2836072,3434668,652867,443054,76444,133369
2016:Q4,Next9,35165932,37691978,7575200,977430,7525057,8069663,4031636,3095883,6417109,2526045,2035027,278018,213000
2016:Q4,Next40,25817621,32027295,10845011,2168049,2569227,6652357,3249418,1435254,5107980,6209675,4761876,1279243,168556
2016:Q4,Bottom50,1144575,5636328,2745191,1178755,140890,226313,365953,134001,845225,4491753,2301180,1985664,204909
2017:Q1,TopPt1,11490235,11592677,943410,471397,5218922,78672,184038,2696389,1999849,102442,51170,16525,34747
2017:Q1,RemainingTop1,16722691,17377723,2859234,338648,6401603,640856,889280,2808385,3439717,655032,449637,72617,132778
2017:Q1,Next9,36103793,38642706,7719584,994051,7977658,8125372,4211271,3116367,6498403,2538913,2062735,268204,207974
2017:Q1,Next40,26407401,32629632,11027748,2187587,2679507,6707790,3378122,1430228,5218650,6222231,4778763,1265819,177649
2017:Q1,Bottom50,1213614,5727840,2768845,1193519,149848,228900,386059,138171,862499,4514227,2294224,2007259,212744
2017:Q2,TopPt1,11763650,11869242,964641,461669,5341213,75330,178820,2869219,1978350,105592,51672,16875,37045
2017:Q2,RemainingTop1,17094127,17757677,2909031,337128,6651786,648695,894040,2887682,3429315,663551,456625,70550,136376
2017:Q2,Next9,36879415,39447932,7873235,1011646,8234835,8176104,4336976,3306274,6508862,2568516,2094656,269537,204323
2017:Q2,Next40,26808023,33090346,11232187,2195457,2733551,6759814,3461218,1478571,5229548,6282323,4804282,1284839,193202
2017:Q2,Bottom50,1290836,5850277,2860041,1200168,152664,231329,401168,143647,861260,4559441,2295325,2040908,223208
2017:Q3,TopPt1,11907949,12016683,982763,447525,5481754,71979,174064,2909292,1949306,108733,52091,17230,39412
2017:Q3,RemainingTop1,17393324,18060583,2955109,335866,6922665,656481,902841,2876831,3410789,667258,464298,68167,134793
2017:Q3,Next9,37549023,40141091,8002586,1030417,8519183,8226661,4483369,3356756,6522119,2592068,2127705,270022,194341
2017:Q3,Next40,27277643,33615825,11479878,2198796,2794389,6812050,3565702,1482573,5282436,6338182,4835374,1303424,199384
2017:Q3,Bottom50,1339231,5959653,2925540,1203549,156265,233763,418961,148156,873419,4620423,2303333,2090341,226749
2017:Q4,TopPt1,12259804,12372152,995422,433751,5767438,68603,169434,2985835,1951668,112348,52387,17910,42051
2017:Q4,RemainingTop1,17908110,18583840,2989039,336344,7341635,664452,914611,2888939,3448820,675730,471805,66481,137444
2017:Q4,Next9,38501249,41129355,8096620,1060597,9006822,8279000,4650147,3445454,6590716,2628106,2157717,274915,195474
2017:Q4,Next40,27833457,34245213,11685350,2219820,2910973,6865944,3687425,1498278,5377422,6411755,4862316,1334171,215268
2017:Q4,Bottom50,1392826,6078858,2980105,1217124,166252,236269,438806,152985,887318,4686032,2308119,2137308,240605
2018:Q1,TopPt1,12254587,12369485,1018747,430897,5688208,65302,161058,3032350,1972923,114899,52906,17346,44647
2018:Q1,RemainingTop1,18040609,18720851,3056585,335225,7395880,671208,893931,2880311,3487712,680243,477340,62553,140350
2018:Q1,Next9,38902566,41543057,8291276,1083023,8989288,8321341,4648845,3502651,6706633,2640491,2184567,264496,191428
2018:Q1,Next40,28265721,34690288,11964260,2244977,2886222,6912472,3655412,1503952,5522994,6424567,4876831,1319059,228677
2018:Q1,Bottom50,1476882,6180167,3038538,1234758,160141,238441,440948,157647,909694,4703285,2297046,2156422,249817
2018:Q2,TopPt1,12358816,12476497,1033042,423807,5731549,61937,154452,3099351,1972359,117681,53742,17533,46406
2018:Q2,RemainingTop1,18269089,18955905,3095571,334433,7575733,678682,889070,2883988,3498428,686816,483621,60017,143178
2018:Q2,Next9,39456494,42119949,8415193,1106896,9143819,8369883,4730506,3581287,6772365,2663455,2220689,263575,179191
2018:Q2,Next40,28536998,35018486,12099390,2266251,2908767,6963936,3700704,1516007,5563431,6481488,4908175,1331805,241508
2018:Q2,Bottom50,1553504,6293619,3118999,1249514,159392,240832,452196,162508,910178,4740115,2300624,2185244,254247
2018:Q3,TopPt1,12630815,12752332,1045354,415242,5962054,58493,149704,3149840,1971645,121518,54510,18070,48938
2018:Q3,RemainingTop1,18689166,19380169,3134167,333174,7945209,687110,897030,2876043,3507436,691004,490587,57750,142667
2018:Q3,Next9,40301647,42994035,8530251,1127869,9559461,8426614,4867888,3642621,6839331,2692388,2258140,265612,168636
2018:Q3,Next40,29000464,35549493,12319805,2281066,3002829,7021809,3808449,1522497,5593038,6549029,4945016,1355517,248496
2018:Q3,Bottom50,1583131,6388969,3171347,1260366,166927,243509,471255,167302,908263,4805838,2310766,2237615,257457
2018:Q4,TopPt1,11645535,11769393,1025047,398173,4965308,55358,133625,3159363,2032519,123858,54978,18701,50179
2018:Q4,RemainingTop1,17738986,18437007,3073262,334257,7088424,690964,810086,2841164,3598850,698020,497115,55750,145155
2018:Q4,Next9,38761608,41468817,8359156,1161859,8276118,8444955,4526601,3661112,7039016,2707209,2287953,269435,149821
2018:Q4,Next40,28180483,34794492,12087119,2303233,2627088,7050520,3457397,1515712,5753423,6614009,4970022,1383385,260602
2018:Q4,Bottom50,1529153,6378400,3206261,1274082,119902,244880,436122,171861,925291,4849247,2311551,2279772,257924
2019:Q1,TopPt1,12655638,12782378,1022652,416853,5828417,51605,132019,3230068,2100764,126740,55097,18077,53566
2019:Q1,RemainingTop1,18913572,19608527,3088478,329762,8096999,703547,854984,2844477,3690281,694955,503006,51864,140085
2019:Q1,Next9,40884956,43586279,8422234,1167853,9572634,8536882,4882000,3743607,7261069,2701322,2308481,259005,133836
2019:Q1,Next40,29020023,35625310,11981413,2334744,2963113,7135416,3750281,1528200,5932143,6605287,4980044,1368088,257155
2019:Q1,Bottom50,1614105,6465573,3165188,1298720,155435,248766,476457,176898,944108,4851468,2300309,2297436,253723
2019:Q2,TopPt1,12967977,13097053,1053986,415119,5984426,48167,125454,3370576,2099325,129076,54901,18309,55866
2019:Q2,RemainingTop1,19378186,20081810,3194327,327244,8398741,717053,860295,2890596,3693555,703623,512113,49652,141858
2019:Q2,Next9,41913810,44636229,8731620,1182811,9890092,8553331,5042848,3898955,7336572,2722419,2335150,260451,126818
2019:Q2,Next40,29817793,36488823,12475812,2350308,3027905,7256917,3853772,1562324,5961785,6671030,5012523,1388374,270133
2019:Q2,Bottom50,1677773,6591128,3246315,1311115,159582,258206,494315,182440,939155,4913355,2316277,2335321,261757
2019:Q3,TopPt1,12892354,13025170,1047765,386277,5870621,44725,116814,3427464,2131503,132815,55202,18684,58929
2019:Q3,RemainingTop1,19409926,20117858,3161211,329715,8435467,730050,848563,2883124,3729728,707932,520156,47253,140523
2019:Q3,Next9,42109534,44854527,8664260,1223664,9837222,8564228,5118498,3966954,7479701,2744993,2367515,261468,116010
2019:Q3,Next40,29943052,36675254,12450456,2365827,2990272,7375318,3875036,1569738,6048608,6732203,5048533,1409118,274552
2019:Q3,Bottom50,1796596,6778050,3405386,1319240,151587,267562,502523,187465,944287,4981454,2330571,2387625,263258
2019:Q4,TopPt1,13530517,13668543,1056898,383893,6410619,64279,125240,3415654,2211960,138026,56898,21289,59839
2019:Q4,RemainingTop1,19847472,20564841,3113855,330353,8815019,750793,912035,2907428,3735359,717369,512963,52210,152196
2019:Q4,Next9,42983780,45764829,8610041,1243234,10602629,8472645,5275504,3952794,7607981,2781049,2383633,281763,115653
2019:Q4,Next40,30736876,37542616,12406240,2387317,3239803,7587379,4077755,1598082,6246040,6805740,5097246,1437520,270974
2019:Q4,Bottom50,1866145,6873638,3384811,1326546,185918,287627,522170,184845,981722,5007494,2340580,2399409,267505
2020:Q1,TopPt1,12076246,12216818,1100634,384079,4666581,84790,116965,3448814,2414955,140571,58696,21777,60098
2020:Q1,RemainingTop1,18040575,18770707,3171215,330134,6915420,759925,827436,2959755,3806823,730133,504366,54193,171574
2020:Q1,Next9,40448592,43246500,8888631,1257950,8198661,8281155,4680161,3985499,7954443,2797909,2396318,278574,123017
2020:Q1,Next40,30536455,37348132,12882076,2405157,2612310,7725336,3561806,1640484,6520962,6811676,5135357,1394494,281825
2020:Q1,Bottom50,1894874,6879497,3467658,1332216,118202,304463,456328,182513,1018117,4984623,2338356,2364082,282185
2020:Q2,TopPt1,13537312,13682286,1129413,380669,5941080,104832,130246,3453246,2542800,144974,60781,22826,61367
2020:Q2,RemainingTop1,19422580,20153308,3179281,328306,8051872,777129,944858,2994102,3877759,730727,496060,57101,177566
2020:Q2,Next9,42952555,45763446,9049329,1262823,9989805,8156947,5159559,3988241,8156742,2810890,2415739,282577,112574
2020:Q2,Next40,32365743,39188510,13157607,2402882,3144294,7915163,4036189,1673769,6858606,6822767,5183946,1371934,266887
2020:Q2,Bottom50,2207222,7155590,3547023,1325936,184023,323654,507473,180005,1087476,4948368,2344041,2328027,276300
2020:Q3,TopPt1,14387770,14539629,1183202,395023,6618497,125154,137640,3557713,2522400,151858,63817,25014,63027
2020:Q3,RemainingTop1,20134018,20871787,3254676,331942,8592052,792272,1010727,3091165,3798953,737769,488647,61300,187822
2020:Q3,Next9,44383436,47268600,9404889,1300845,10950723,8013768,5380403,4095123,8122849,2885164,2457190,297498,130476
2020:Q3,Next40,33796141,40716202,13735896,2476364,3446052,8091997,4261933,1738779,6965180,6920061,5266649,1385475,267937
2020:Q3,Bottom50,2405497,7411763,3657477,1365459,223111,342331,528913,178093,1116379,5006266,2375314,2338333,292619
2020:Q4,TopPt1,15987675,16147955,1235753,407402,7919348,144948,150390,3651177,2638937,160280,68113,27707,64460
2020:Q4,RemainingTop1,21622959,22369373,3316391,335252,9758391,815239,1109665,3181423,3853012,746414,477224,65793,203397
2020:Q4,Next9,47074906,50054996,9732050,1336117,12779631,7936806,5728036,4190418,8351938,2980090,2507540,315352,157198
2020:Q4,Next40,35760861,42790365,14229106,2542801,3989173,8318812,4642127,1800375,7267971,7029505,5343477,1405227,280801
2020:Q4,Bottom50,2700862,7742000,3773848,1400702,289770,363238,570149,176081,1168212,5041138,2386841,2334947,319350
2021:Q1,TopPt1,16998797,17165791,1309085,429957,8693063,165246,158520,3733194,2676726,166994,71512,29243,66239
2021:Q1,RemainingTop1,22500782,23253168,3442962,335771,10400418,833379,1157766,3264620,3818253,752387,467299,68830,216258
2021:Q1,Next9,48716843,51760383,10263700,1356094,13876402,7817070,5794174,4273706,8379237,3043539,2545971,321897,175671
2021:Q1,Next40,37489563,44578907,15002365,2600685,4329012,8514905,4774932,1858391,7498617,7089344,5410200,1392680,286464
2021:Q1,Bottom50,2962523,8017536,3887731,1432711,332743,382855,582874,173982,1224640,5055013,2397424,2319840,337749
2021:Q2,TopPt1,18284660,18463906,1431099,471927,9532754,185493,167865,3972890,2701878,179246,77941,33984,67321
2021:Q2,RemainingTop1,23686370,24452005,3686121,343124,11109736,853416,1229034,3446465,3784109,765634,463586,76760,225288
2021:Q2,Next9,51090370,54303077,11181256,1415161,15065083,7712604,6014352,4520461,8394159,3212707,2667793,364135,180779
2021:Q2,Next40,39743340,47133266,16420829,2745640,4694394,8723077,5023619,1966559,7559149,7389926,5619133,1486191,284602
2021:Q2,Bottom50,3175525,8435029,4117563,1517109,378520,403043,608265,172589,1237940,5259504,2524240,2389160,346104
2021:Q3,TopPt1,18857760,19042473,1511273,498204,9674925,206219,170567,4219301,2761984,184713,80231,36214,68268
2021:Q3,RemainingTop1,24036921,24817423,3804594,348849,11130701,869488,1245509,3632246,3786036,780502,460928,81720,237854
2021:Q3,Next9,52004111,55286804,11716242,1462929,15286877,7572170,5978963,4773663,8495960,3282693,2713174,382991,186528
2021:Q3,Next40,41035684,48562989,17242390,2850738,4790511,8906028,5014154,2076728,7682440,7527305,5728935,1511369,287001
2021:Q3,Bottom50,3331087,8693320,4269294,1576458,392782,422202,602515,171064,1259005,5362232,2592468,2412798,356966
2021:Q4,TopPt1,19680217,19870830,1555106,522548,10215438,226547,180791,4351106,2819294,190613,82973,38947,68693
2021:Q4,RemainingTop1,24628879,25431203,3821151,355820,11548342,891193,1309232,3746802,3758663,802324,457686,87475,257163
2021:Q4,Next9,53234723,56596152,11941036,1516676,16061504,7479776,6121619,4907939,8567602,3361429,2765202,407060,189167
2021:Q4,Next40,42192310,49881390,17511027,2961950,5040197,9124665,5222295,2150687,7870569,7689080,5845509,1548716,294855
2021:Q4,Bottom50,3495495,8957580,4359637,1638961,424785,442937,624564,169007,1297689,5462085,2663120,2430522,368443
2022:Q1,TopPt1,19554728,19747985,1681149,555303,9683591,250341,180704,4474043,2922854,193257,83578,40038,69641
2022:Q1,RemainingTop1,24278122,25097348,4041482,362543,10908739,879247,1277240,3856024,3772073,819226,459192,91669,268365
2022:Q1,Next9,53007825,56409636,12824367,1568939,15346346,7088321,5790844,5032913,8757907,3401811,2795011,418622,188178
2022:Q1,Next40,43399601,51200265,18857373,3082819,4872816,9130554,4981804,2221868,8053031,7800665,5955290,1553293,292082
2022:Q1,Bottom50,3653530,9215992,4561227,1708231,408305,454748,593348,166882,1323251,5562461,2750917,2438599,372945
2022:Q2,TopPt1,18108712,18308629,1788718,558558,7872954,273203,173016,4673955,2968226,199917,87014,43302,69601
2022:Q2,RemainingTop1,22553732,23384127,4188426,367327,9000534,856133,1181972,4013106,3776629,830395,454980,97975,277440
2022:Q2,Next9,50443373,53915690,13500772,1608422,12834277,6737682,5183527,5237202,8813808,3472318,2857022,447033,168263
2022:Q2,Next40,43253714,51218628,19958299,3141765,4194516,9047717,4462999,2317292,8096039,7964914,6081726,1603158,280030
2022:Q2,Bottom50,3714403,9370575,4823243,1737926,334024,457493,527818,164948,1325123,5656172,2824974,2467658,363540
2022:Q3,TopPt1,17718190,17926788,1744742,570142,7443771,295272,174644,4636851,3061366,208598,91659,46620,70319
2022:Q3,RemainingTop1,21878949,22715409,4015587,371726,8465626,841296,1161438,4023620,3836115,836460,445782,103449,287229
2022:Q3,Next9,48996329,52553523,13115866,1646017,12245795,6459944,4920838,5196880,8968183,3557193,2922079,471189,163925
2022:Q3,Next40,42266410,50369864,19282099,3209625,4054170,9016485,4293328,2338028,8176129,8103453,6187564,1640883,275006
2022:Q3,Bottom50,3592857,9313854,4763162,1773982,321613,462419,504832,162307,1325540,5720998,2863105,2492146,365747
2022:Q4,TopPt1,18128525,18340505,1711593,579318,7871271,297858,179819,4489521,3211125,211980,94293,48473,69214
2022:Q4,RemainingTop1,22312927,23150835,3928976,373746,8894506,826026,1202398,3934748,3990435,837907,445370,105645,286892
2022:Q4,Next9,49469958,53064571,12826900,1656487,12853459,6321571,5097671,5045816,9262667,3594613,2969952,487413,137248
2022:Q4,Next40,42071061,50272121,18836878,3238400,4228994,8929777,4472318,2293393,8272362,8201061,6250352,1687241,263468
2022:Q4,Bottom50,3479565,9250289,4651506,1791363,340841,459003,526979,162212,1318385,5770724,2894125,2529668,346931
2023:Q1,TopPt1,18773734,18990446,1720837,584741,8410096,298155,183810,4427942,3364864,216712,97778,49142,69792
2023:Q1,RemainingTop1,23051636,23874903,3948463,378031,9434134,834938,1250957,3900142,4128238,823267,439985,105498,277784
2023:Q1,Next9,50829237,54460610,12888312,1678541,13617803,6397522,5364799,4983593,9530041,3631374,3013189,487444,130741
2023:Q1,Next40,42789948,51009791,18970117,3279208,4448396,8997877,4692874,2276669,8344651,8219843,6282071,1685567,252205
2023:Q1,Bottom50,3604345,9347726,4681816,1814826,365088,462128,552317,162502,1309048,5743381,2879031,2524334,340016
2023:Q2,TopPt1,19565652,19786215,1801432,596418,8955937,297546,187972,4545534,3401375,220563,100016,50476,70071
2023:Q2,RemainingTop1,23978694,24799543,4170088,380768,9976908,843941,1297214,3974476,4156148,820849,438621,107026,275202
2023:Q2,Next9,52746695,56429549,13576165,1693495,14385624,6476678,5609630,5105392,9582565,3682854,3050321,498602,133931
2023:Q2,Next40,44744628,53036142,20430073,3318478,4666727,9057865,4904932,2314882,8343184,8291514,6325558,1714551,251405
2023:Q2,Bottom50,3701381,9476261,4736329,1838686,389702,464716,577030,163019,1306779,5774880,2897224,2536017,341639
2023:Q3,TopPt1,19259304,19483209,1816564,593684,8598627,298593,178586,4569836,3427319,223904,102174,51311,70419
2023:Q3,RemainingTop1,23678695,24500820,4208528,381429,9621934,832746,1278237,3989044,4188903,822125,438067,108175,275883
2023:Q3,Next9,52350650,56091201,13693409,1697072,13883552,6377484,5709207,5130276,9600201,3740551,3090179,506385,143987
2023:Q3,Next40,44680579,53045710,20724349,3320008,4524139,8986079,4843565,2322175,8325395,8365131,6376761,1732031,256339
2023:Q3,Bottom50,3652520,9459921,4757718,1839183,373585,461680,563524,163023,1301208,5807400,2928503,2530043,348854
2023:Q4,TopPt1,20196979,20424103,1804302,605368,9515019,295639,195447,4439652,3568676,227123,104081,52551,70491
2023:Q4,RemainingTop1,24704203,25527244,4184502,380597,10530514,861660,1356429,3908594,4304948,823041,437180,109536,276325
2023:Q4,Next9,54052356,57835989,13623143,1693042,15168175,6634333,5867890,4996100,9853306,3783634,3123119,516897,143618
2023:Q4,Next40,45352708,53786810,20470610,3330631,4887991,9169072,5172301,2281273,8474933,8434103,6416947,1760826,256330
2023:Q4,Bottom50,3689067,9534184,4713991,1846934,414944,469365,609927,162690,1316333,5845117,2948073,2548415,348629
2024:Q1,TopPt1,21141258,21370278,1839735,615468,10429537,296071,202287,4387102,3600078,229020,105635,52131,71254
2024:Q1,RemainingTop1,25796133,26622648,4282457,383115,11437391,869577,1420202,3879567,4350339,826515,435742,108483,282290
2024:Q1,Next9,56029731,59844136,13929259,1705837,16450429,6701371,6181181,4943183,9932876,3814405,3145022,509589,159794
2024:Q1,Next40,46790143,55239773,21082724,3364142,5251256,9231194,5463618,2267386,8579453,8449630,6439462,1742061,268107
2024:Q1,Bottom50,3828175,9679824,4737303,1866997,456217,472247,644462,163003,1339594,5851648,2945066,2544098,362484
2024:Q2,TopPt1,21484369,21716367,1894883,618241,10636032,296367,203781,4451635,3615428,231998,107442,52847,71709
2024:Q2,RemainingTop1,26227748,27054190,4432775,384473,11643389,874438,1439098,3922226,4357790,826442,435852,109423,281167
2024:Q2,Next9,56977399,60838554,14394461,1712467,16742008,6742441,6288750,5010697,9947730,3861155,3179003,515672,166480
2024:Q2,Next40,47938909,56452006,22097273,3377940,5334524,9269630,5550984,2289776,8531880,8513097,6486042,1756974,270081
2024:Q2,Bottom50,3857263,9738689,4778969,1874948,465520,474035,654304,163529,1327384,5881425,2968196,2545937,367292
2024:Q3,TopPt1,22441312,22675070,1886606,622289,11433106,296063,209702,4480940,3746363,233758,108786,53198,71774
2024:Q3,RemainingTop1,27167827,27992685,4408738,386213,12429872,882670,1493076,3942175,4449941,824859,437029,109633,278197
2024:Q3,Next9,58587807,62481853,14321436,1721449,17853033,6814145,6551347,5041565,10178878,3894046,3208821,518328,166897
2024:Q3,Next40,48471149,57041170,21919258,3397182,5647158,9326933,5800349,2300383,8649907,8570021,6532298,1769527,268196
2024:Q3,Bottom50,3886317,9828692,4779469,1886247,501544,476560,683932,163843,1337096,5942374,2998110,2577077,367187
2024:Q4,TopPt1,22620305,22854767,1874973,628100,11556136,295735,211310,4520129,3768384,234462,111298,52213,70951
2024:Q4,RemainingTop1,27423021,28205526,4372141,390378,12552538,890984,1492496,3968214,4538776,782506,435554,107991,238961
2024:Q4,Next9,58724123,62647582,14208340,1743533,18026643,6886613,6505717,5082612,10194124,3923459,3250348,506223,166888
2024:Q4,Next40,48485811,57039269,21685404,3438758,5696701,9384599,5790749,2314081,8728977,8553457,6581188,1734214,238055
2024:Q4,Bottom50,3985515,9893463,4790127,1910421,507087,479096,684122,164180,1358429,5907948,3017142,2547417,343389
2025:Q1,TopPt1,22478838,22711917,1896194,658298,11305576,298405,208956,4496534,3847954,233078,111990,52247,68841
2025:Q1,RemainingTop1,27314537,28080044,4445542,392112,12314428,891767,1466832,3961644,4607720,765507,437292,108000,220215
2025:Q1,Next9,58638674,62569676,14447429,1751714,17692611,6886259,6372692,5061184,10357788,3931002,3265995,505121,159886
2025:Q1,Next40,48733987,57302091,21951561,3493752,5607657,9416187,5662895,2312763,8857276,8568104,6611097,1734637,222370
2025:Q1,Bottom50,3981179,9883752,4752549,1945247,495643,481027,668968,165160,1375159,5902574,3021726,2563302,317546
2025:Q2,TopPt1,23579248,23812693,1934889,677120,12303048,300342,219002,4499448,3878844,233445,113325,52851,67269
2025:Q2,RemainingTop1,28554524,29316057,4550986,398353,13302653,897189,1553680,3970861,4642335,761534,439784,109090,212660
2025:Q2,Next9,60880983,64859012,14778553,1783647,19089652,6927803,6784488,5066863,10428006,3978028,3297588,510804,169636
2025:Q2,Next40,50273706,58914271,22591201,3568379,6002948,9474637,6059375,2319321,8898410,8640564,6666359,1750317,223888
2025:Q2,Bottom50,4128828,10061058,4785085,1989438,540671,484029,716270,166131,1379434,5932230,3047686,2573234,311310
2025:Q3,TopPt1,24769218,25004640,1924115,678122,13318833,300977,226171,4599469,3956953,235422,114836,53221,67365
2025:Q3,RemainingTop1,29720643,30485496,4508264,404584,14302969,902598,1618850,4036764,4711467,764853,441223,109376,214254
2025:Q3,Next9,62738206,66772048,14645279,1815849,20502244,6972692,7103703,5171428,10560852,4033841,3330547,513400,189894
2025:Q3,Next40,50877889,59594327,22361542,3618171,6399371,9520367,6361738,2353860,8979279,8716439,6718184,1762250,236005
2025:Q3,Bottom50,4222431,10226426,4829084,2017262,586606,486211,752010,166919,1388334,6003995,3077031,2602078,324886
2025:Q4,TopPt1,25215104,25453395,1912108,676695,13684075,299652,229745,4596648,4054472,238292,116247,54110,67935
2025:Q4,RemainingTop1,30141657,30911472,4462043,411096,14659684,911695,1637858,4033912,4795185,769815,441511,110380,217924
2025:Q4,Next9,63346324,67436722,14496941,1850912,21005218,7054555,7157713,5168120,10703262,4090398,3359638,521769,208991
2025:Q4,Next40,51031653,59825336,22172445,3669184,6538911,9574108,6447425,2352130,9071132,8793683,6759008,1787133,247542
2025:Q4,Bottom50,4268724,10339936,4869885,2045891,603162,488381,763427,166768,1402423,6071213,3106805,2626018,338390
2026:Q1,TopPt1,25072282,25311992,1937284,712377,13331518,298676,225953,4679452,4126732,239711,117541,53586,68584
2026:Q1,RemainingTop1,29960718,30730484,4546853,417242,14312130,914663,1604800,4083440,4851356,769766,439570,109086,221110
2026:Q1,Next9,63225396,67334132,14762255,1886084,20514327,7082711,6999386,5252870,10836500,4108736,3377823,514428,216485
2026:Q1,Next40,51484864,60280257,22650205,3773624,6400950,9586380,6294244,2376896,9197957,8795392,6773937,1769340,252115
2026:Q1,Bottom50,4266359,10348948,4826745,2110476,587223,488748,745224,166766,1423766,6082588,3112114,2626591,343883
