observation_date,OEHRENWBSHNO
1945-10-01,97343
1946-01-01,
1946-04-01,
1946-07-01,
1946-10-01,110322
1947-01-01,
1947-04-01,
1947-07-01,
1947-10-01,149206
1948-01-01,
1948-04-01,
1948-07-01,
1948-10-01,165904
1949-01-01,
1949-04-01,
1949-07-01,
1949-10-01,179129
1950-01-01,
1950-04-01,
1950-07-01,
1950-10-01,198065
1951-01-01,
1951-04-01,
1951-07-01,
1951-10-01,219082
1952-01-01,220104
1952-04-01,228707
1952-07-01,227944
1952-10-01,236336
1953-01-01,240176
1953-04-01,244455
1953-07-01,252143
1953-10-01,249117
1954-01-01,249241
1954-04-01,251118
1954-07-01,257445
1954-10-01,262198
1955-01-01,263364
1955-04-01,269163
1955-07-01,275656
1955-10-01,279447
1956-01-01,284972
1956-04-01,290433
1956-07-01,294044
1956-10-01,295518
1957-01-01,300371
1957-04-01,304978
1957-07-01,309273
1957-10-01,309788
1958-01-01,305490
1958-04-01,308699
1958-07-01,315292
1958-10-01,321263
1959-01-01,318117
1959-04-01,324326
1959-07-01,329355
1959-10-01,333548
1960-01-01,343000
1960-04-01,344272
1960-07-01,347072
1960-10-01,345519
1961-01-01,340843
1961-04-01,347533
1961-07-01,352800
1961-10-01,357027
1962-01-01,361645
1962-04-01,361875
1962-07-01,361529
1962-10-01,364855
1963-01-01,368273
1963-04-01,364203
1963-07-01,368660
1963-10-01,368142
1964-01-01,365068
1964-04-01,371677
1964-07-01,371588
1964-10-01,377495
1965-01-01,379544
1965-04-01,378813
1965-07-01,378501
1965-10-01,386144
1966-01-01,380769
1966-04-01,403286
1966-07-01,401160
1966-10-01,416237
1967-01-01,417488
1967-04-01,422166
1967-07-01,427324
1967-10-01,439715
1968-01-01,456803
1968-04-01,468016
1968-07-01,474391
1968-10-01,505230
1969-01-01,524811
1969-04-01,534457
1969-07-01,538461
1969-10-01,553752
1970-01-01,558501
1970-04-01,582634
1970-07-01,576660
1970-10-01,588454
1971-01-01,606792
1971-04-01,622484
1971-07-01,635660
1971-10-01,647781
1972-01-01,678961
1972-04-01,687188
1972-07-01,712245
1972-10-01,755072
1973-01-01,773584
1973-04-01,803039
1973-07-01,844763
1973-10-01,869192
1974-01-01,845006
1974-04-01,824469
1974-07-01,817198
1974-10-01,841802
1975-01-01,896328
1975-04-01,941554
1975-07-01,928244
1975-10-01,954571
1976-01-01,974392
1976-04-01,1026159
1976-07-01,1040643
1976-10-01,1072904
1977-01-01,1118692
1977-04-01,1186542
1977-07-01,1229442
1977-10-01,1283809
1978-01-01,1332144
1978-04-01,1399856
1978-07-01,1450091
1978-10-01,1502236
1979-01-01,1591248
1979-04-01,1674961
1979-07-01,1731468
1979-10-01,1776547
1980-01-01,1853068
1980-04-01,1910998
1980-07-01,1996673
1980-10-01,2016635
1981-01-01,2036183
1981-04-01,2181092
1981-07-01,2261520
1981-10-01,2294699
1982-01-01,2371815
1982-04-01,2383283
1982-07-01,2392103
1982-10-01,2416198
1983-01-01,2474362
1983-04-01,2494423
1983-07-01,2507058
1983-10-01,2523082
1984-01-01,2671738
1984-04-01,2776314
1984-07-01,2876124
1984-10-01,2966096
1985-01-01,3040155
1985-04-01,3164836
1985-07-01,3282226
1985-10-01,3401590
1986-01-01,3479126
1986-04-01,3573295
1986-07-01,3653849
1986-10-01,3721895
1987-01-01,3825901
1987-04-01,3900103
1987-07-01,3988989
1987-10-01,4057145
1988-01-01,4151566
1988-04-01,4270760
1988-07-01,4339655
1988-10-01,4392832
1989-01-01,4472937
1989-04-01,4548109
1989-07-01,4682014
1989-10-01,4733735
1990-01-01,4677585
1990-04-01,4689245
1990-07-01,4715460
1990-10-01,4656585
1991-01-01,4617712
1991-04-01,4612160
1991-07-01,4655887
1991-10-01,4662705
1992-01-01,4686270
1992-04-01,4706811
1992-07-01,4768109
1992-10-01,4811300
1993-01-01,4815401
1993-04-01,4871741
1993-07-01,4937488
1993-10-01,5007066
1994-01-01,5052415
1994-04-01,5115347
1994-07-01,5172096
1994-10-01,5195354
1995-01-01,5222768
1995-04-01,5269472
1995-07-01,5122800
1995-10-01,5168740
1996-01-01,5211803
1996-04-01,5268600
1996-07-01,5318731
1996-10-01,5350474
1997-01-01,5390139
1997-04-01,5470582
1997-07-01,5504039
1997-10-01,5583930
1998-01-01,5698226
1998-04-01,5858343
1998-07-01,6013101
1998-10-01,6144219
1999-01-01,6261700
1999-04-01,6439793
1999-07-01,6611911
1999-10-01,6771742
2000-01-01,7104385
2000-04-01,7441483
2000-07-01,7730898
2000-10-01,8028869
2001-01-01,8648110
2001-04-01,8875346
2001-07-01,9105746
2001-10-01,9338666
2002-01-01,9579011
2002-04-01,9757590
2002-07-01,9929849
2002-10-01,10099486
2003-01-01,10304031
2003-04-01,10447560
2003-07-01,10620946
2003-10-01,10847092
2004-01-01,11365304
2004-04-01,11704325
2004-07-01,12193584
2004-10-01,12626953
2005-01-01,13065477
2005-04-01,13481537
2005-07-01,13970153
2005-10-01,14388797
2006-01-01,14167696
2006-04-01,14242405
2006-07-01,14281299
2006-10-01,14211823
2007-01-01,13768046
2007-04-01,13460574
2007-07-01,13102156
2007-10-01,12666878
2008-01-01,11908054
2008-04-01,11360261
2008-07-01,10829570
2008-10-01,10355559
2009-01-01,9820726
2009-04-01,9433212
2009-07-01,9183978
2009-10-01,9010514
2010-01-01,9039065
2010-04-01,9021790
2010-07-01,8958835
2010-10-01,8863245
2011-01-01,8569836
2011-04-01,8518396
2011-07-01,8483043
2011-10-01,8371029
2012-01-01,8248946
2012-04-01,8500171
2012-07-01,8794152
2012-10-01,9026883
2013-01-01,9489676
2013-04-01,10025079
2013-07-01,10533861
2013-10-01,10892742
2014-01-01,11231590
2014-04-01,11672436
2014-07-01,12056349
2014-10-01,12304210
2015-01-01,12671726
2015-04-01,13079943
2015-07-01,13476155
2015-10-01,13744505
2016-01-01,14029315
2016-04-01,14518164
2016-07-01,14959287
2016-10-01,15310946
2017-01-01,15682291
2017-04-01,16136574
2017-07-01,16563075
2017-10-01,16894191
2018-01-01,17480717
2018-04-01,17795344
2018-07-01,18141904
2018-10-01,17629227
2019-01-01,17533028
2019-04-01,18471095
2019-07-01,18407101
2019-10-01,18180524
2020-01-01,19077121
2020-04-01,19562086
2020-07-01,20584523
2020-10-01,21503953
2021-01-01,23013437
2021-04-01,25484174
2021-07-01,26968058
2021-10-01,27373467
2022-01-01,29921609
2022-04-01,31953743
2022-07-01,30411267
2022-10-01,29301759
2023-01-01,29497491
2023-04-01,31902347
2023-07-01,32264885
2023-10-01,31767149
2024-01-01,32800551
2024-04-01,34421827
2024-07-01,34030465
2024-10-01,33535454
2025-01-01,34045175
2025-04-01,35075971
2025-07-01,34586464
2025-10-01,34130214
2026-01-01,34902358
