observation_date,W055RC1
1959-01-01,40.2
1959-02-01,40.8
1959-03-01,41.3
1959-04-01,41.7
1959-05-01,42.1
1959-06-01,42.2
1959-07-01,42.7
1959-08-01,42.6
1959-09-01,42.8
1959-10-01,43.2
1959-11-01,43.7
1959-12-01,44.4
1960-01-01,44.9
1960-02-01,45.3
1960-03-01,45.7
1960-04-01,45.9
1960-05-01,46.1
1960-06-01,46.1
1960-07-01,46.3
1960-08-01,46.6
1960-09-01,46.6
1960-10-01,46.6
1960-11-01,46.5
1960-12-01,46.2
1961-01-01,46.4
1961-02-01,46.5
1961-03-01,46.6
1961-04-01,46.7
1961-05-01,47.0
1961-06-01,47.1
1961-07-01,47.1
1961-08-01,47.4
1961-09-01,47.7
1961-10-01,47.9
1961-11-01,48.2
1961-12-01,48.4
1962-01-01,49.1
1962-02-01,49.3
1962-03-01,49.8
1962-04-01,50.4
1962-05-01,50.9
1962-06-01,51.5
1962-07-01,51.9
1962-08-01,52.3
1962-09-01,52.7
1962-10-01,53.1
1962-11-01,53.7
1962-12-01,53.9
1963-01-01,54.0
1963-02-01,54.0
1963-03-01,54.3
1963-04-01,53.9
1963-05-01,54.4
1963-06-01,54.6
1963-07-01,54.5
1963-08-01,54.6
1963-09-01,54.6
1963-10-01,54.9
1963-11-01,55.1
1963-12-01,55.6
1964-01-01,56.0
1964-02-01,56.7
1964-03-01,48.5
1964-04-01,49.2
1964-05-01,49.8
1964-06-01,50.2
1964-07-01,50.9
1964-08-01,51.7
1964-09-01,52.1
1964-10-01,52.6
1964-11-01,53.2
1964-12-01,53.9
1965-01-01,56.5
1965-02-01,56.7
1965-03-01,57.8
1965-04-01,59.6
1965-05-01,57.3
1965-06-01,58.4
1965-07-01,56.9
1965-08-01,56.8
1965-09-01,57.3
1965-10-01,57.4
1965-11-01,58.1
1965-12-01,59.3
1966-01-01,60.5
1966-02-01,61.4
1966-03-01,62.7
1966-04-01,64.5
1966-05-01,65.7
1966-06-01,66.6
1966-07-01,67.3
1966-08-01,67.8
1966-09-01,68.5
1966-10-01,69.5
1966-11-01,70.9
1966-12-01,71.3
1967-01-01,71.5
1967-02-01,71.2
1967-03-01,70.8
1967-04-01,70.6
1967-05-01,70.8
1967-06-01,71.4
1967-07-01,72.7
1967-08-01,74.0
1967-09-01,74.8
1967-10-01,75.0
1967-11-01,75.9
1967-12-01,76.8
1968-01-01,77.7
1968-02-01,78.8
1968-03-01,79.2
1968-04-01,80.5
1968-05-01,81.9
1968-06-01,82.6
1968-07-01,88.7
1968-08-01,91.6
1968-09-01,95.3
1968-10-01,94.7
1968-11-01,96.0
1968-12-01,96.9
1969-01-01,99.2
1969-02-01,102.9
1969-03-01,105.7
1969-04-01,109.0
1969-05-01,104.8
1969-06-01,103.2
1969-07-01,103.2
1969-08-01,104.1
1969-09-01,105.1
1969-10-01,105.3
1969-11-01,105.3
1969-12-01,106.2
1970-01-01,104.2
1970-02-01,104.4
1970-03-01,105.1
1970-04-01,106.1
1970-05-01,104.5
1970-06-01,105.9
1970-07-01,100.4
1970-08-01,100.4
1970-09-01,101.1
1970-10-01,101.1
1970-11-01,101.8
1970-12-01,101.7
1971-01-01,97.5
1971-02-01,98.5
1971-03-01,99.0
1971-04-01,100.2
1971-05-01,100.8
1971-06-01,101.2
1971-07-01,101.7
1971-08-01,102.3
1971-09-01,103.0
1971-10-01,103.1
1971-11-01,106.1
1971-12-01,107.2
1972-01-01,116.7
1972-02-01,119.9
1972-03-01,122.7
1972-04-01,124.6
1972-05-01,122.7
1972-06-01,122.9
1972-07-01,123.0
1972-08-01,124.4
1972-09-01,125.4
1972-10-01,126.6
1972-11-01,127.3
1972-12-01,127.5
1973-01-01,128.5
1973-02-01,126.0
1973-03-01,124.7
1973-04-01,126.4
1973-05-01,130.1
1973-06-01,131.0
1973-07-01,132.4
1973-08-01,133.8
1973-09-01,136.0
1973-10-01,137.9
1973-11-01,140.1
1973-12-01,141.9
1974-01-01,140.7
1974-02-01,143.2
1974-03-01,144.5
1974-04-01,145.6
1974-05-01,149.2
1974-06-01,151.9
1974-07-01,153.8
1974-08-01,154.8
1974-09-01,156.2
1974-10-01,157.8
1974-11-01,157.3
1974-12-01,157.7
1975-01-01,158.1
1975-02-01,157.7
1975-03-01,158.2
1975-04-01,139.0
1975-05-01,78.7
1975-06-01,145.6
1975-07-01,150.6
1975-08-01,153.4
1975-09-01,154.4
1975-10-01,156.7
1975-11-01,158.6
1975-12-01,160.3
1976-01-01,162.0
1976-02-01,162.7
1976-03-01,162.8
1976-04-01,167.1
1976-05-01,169.6
1976-06-01,171.3
1976-07-01,173.8
1976-08-01,176.3
1976-09-01,178.3
1976-10-01,181.1
1976-11-01,183.2
1976-12-01,183.8
1977-01-01,180.0
1977-02-01,198.9
1977-03-01,187.4
1977-04-01,193.3
1977-05-01,198.1
1977-06-01,195.7
1977-07-01,196.5
1977-08-01,198.0
1977-09-01,201.2
1977-10-01,205.9
1977-11-01,208.6
1977-12-01,210.9
1978-01-01,212.7
1978-02-01,212.4
1978-03-01,210.8
1978-04-01,217.3
1978-05-01,222.0
1978-06-01,230.0
1978-07-01,233.4
1978-08-01,236.1
1978-09-01,239.4
1978-10-01,243.8
1978-11-01,247.0
1978-12-01,250.8
1979-01-01,251.0
1979-02-01,253.2
1979-03-01,256.6
1979-04-01,257.5
1979-05-01,261.4
1979-06-01,267.1
1979-07-01,271.7
1979-08-01,274.5
1979-09-01,278.3
1979-10-01,281.6
1979-11-01,285.1
1979-12-01,288.9
1980-01-01,281.5
1980-02-01,284.6
1980-03-01,288.4
1980-04-01,289.4
1980-05-01,292.0
1980-06-01,295.1
1980-07-01,297.2
1980-08-01,302.5
1980-09-01,306.9
1980-10-01,313.8
1980-11-01,319.2
1980-12-01,323.5
1981-01-01,327.2
1981-02-01,330.5
1981-03-01,334.9
1981-04-01,338.1
1981-05-01,343.2
1981-06-01,346.7
1981-07-01,352.3
1981-08-01,357.9
1981-09-01,360.4
1981-10-01,349.2
1981-11-01,353.1
1981-12-01,355.7
1982-01-01,348.7
1982-02-01,354.7
1982-03-01,354.1
1982-04-01,349.6
1982-05-01,361.6
1982-06-01,368.0
1982-07-01,348.2
1982-08-01,350.8
1982-09-01,351.4
1982-10-01,354.1
1982-11-01,356.2
1982-12-01,359.4
1983-01-01,349.1
1983-02-01,350.7
1983-03-01,352.9
1983-04-01,351.2
1983-05-01,362.1
1983-06-01,365.4
1983-07-01,343.1
1983-08-01,345.3
1983-09-01,347.9
1983-10-01,353.6
1983-11-01,355.2
1983-12-01,358.2
1984-01-01,357.9
1984-02-01,361.8
1984-03-01,363.7
1984-04-01,366.3
1984-05-01,369.6
1984-06-01,375.5
1984-07-01,380.6
1984-08-01,383.4
1984-09-01,388.4
1984-10-01,390.5
1984-11-01,395.8
1984-12-01,401.5
1985-01-01,400.6
1985-02-01,433.1
1985-03-01,463.1
1985-04-01,406.7
1985-05-01,339.7
1985-06-01,419.1
1985-07-01,418.3
1985-08-01,421.5
1985-09-01,424.7
1985-10-01,426.6
1985-11-01,428.1
1985-12-01,432.1
1986-01-01,425.4
1986-02-01,426.5
1986-03-01,427.0
1986-04-01,426.1
1986-05-01,428.1
1986-06-01,434.0
1986-07-01,435.4
1986-08-01,439.9
1986-09-01,443.1
1986-10-01,448.3
1986-11-01,454.7
1986-12-01,465.1
1987-01-01,450.5
1987-02-01,447.3
1987-03-01,454.4
1987-04-01,583.3
1987-05-01,474.4
1987-06-01,477.4
1987-07-01,482.3
1987-08-01,490.1
1987-09-01,494.6
1987-10-01,499.0
1987-11-01,504.4
1987-12-01,517.5
1988-01-01,505.9
1988-02-01,502.1
1988-03-01,498.2
1988-04-01,497.4
1988-05-01,496.8
1988-06-01,499.2
1988-07-01,504.4
1988-08-01,506.2
1988-09-01,509.4
1988-10-01,514.6
1988-11-01,515.9
1988-12-01,521.1
1989-01-01,548.1
1989-02-01,552.1
1989-03-01,558.4
1989-04-01,565.1
1989-05-01,566.1
1989-06-01,568.9
1989-07-01,571.4
1989-08-01,570.8
1989-09-01,572.6
1989-10-01,576.9
1989-11-01,578.7
1989-12-01,583.8
1990-01-01,575.4
1990-02-01,583.5
1990-03-01,588.7
1990-04-01,592.9
1990-05-01,593.5
1990-06-01,597.4
1990-07-01,599.8
1990-08-01,599.5
1990-09-01,602.8
1990-10-01,601.0
1990-11-01,600.5
1990-12-01,601.0
1991-01-01,582.3
1991-02-01,579.9
1991-03-01,580.1
1991-04-01,582.9
1991-05-01,585.2
1991-06-01,589.6
1991-07-01,587.8
1991-08-01,588.7
1991-09-01,594.2
1991-10-01,595.5
1991-11-01,598.4
1991-12-01,602.1
1992-01-01,583.0
1992-02-01,589.3
1992-03-01,594.4
1992-04-01,601.8
1992-05-01,608.3
1992-06-01,611.4
1992-07-01,612.3
1992-08-01,616.9
1992-09-01,619.4
1992-10-01,625.8
1992-11-01,631.5
1992-12-01,659.6
1993-01-01,614.3
1993-02-01,617.3
1993-03-01,619.5
1993-04-01,637.4
1993-05-01,645.3
1993-06-01,647.8
1993-07-01,654.6
1993-08-01,660.7
1993-09-01,662.3
1993-10-01,665.0
1993-11-01,667.0
1993-12-01,693.9
1994-01-01,675.1
1994-02-01,672.7
1994-03-01,673.2
1994-04-01,728.3
1994-05-01,681.7
1994-06-01,683.5
1994-07-01,691.4
1994-08-01,695.4
1994-09-01,699.3
1994-10-01,703.7
1994-11-01,703.8
1994-12-01,708.7
1995-01-01,721.1
1995-02-01,725.4
1995-03-01,727.4
1995-04-01,777.2
1995-05-01,728.0
1995-06-01,735.3
1995-07-01,745.1
1995-08-01,752.3
1995-09-01,759.2
1995-10-01,764.4
1995-11-01,769.9
1995-12-01,775.7
1996-01-01,791.8
1996-02-01,803.2
1996-03-01,810.2
1996-04-01,864.8
1996-05-01,822.3
1996-06-01,831.7
1996-07-01,835.6
1996-08-01,843.5
1996-09-01,851.6
1996-10-01,856.0
1996-11-01,863.4
1996-12-01,871.1
1997-01-01,895.3
1997-02-01,902.7
1997-03-01,908.3
1997-04-01,910.5
1997-05-01,915.6
1997-06-01,922.7
1997-07-01,931.5
1997-08-01,942.1
1997-09-01,949.8
1997-10-01,958.0
1997-11-01,969.0
1997-12-01,976.5
1998-01-01,986.7
1998-02-01,996.4
1998-03-01,1005.3
1998-04-01,1014.0
1998-05-01,1023.5
1998-06-01,1029.5
1998-07-01,1034.6
1998-08-01,1044.0
1998-09-01,1051.0
1998-10-01,1058.8
1998-11-01,1069.0
1998-12-01,1076.2
1999-01-01,1070.7
1999-02-01,1079.5
1999-03-01,1083.7
1999-04-01,1088.5
1999-05-01,1095.5
1999-06-01,1101.5
1999-07-01,1111.3
1999-08-01,1121.0
1999-09-01,1129.5
1999-10-01,1141.3
1999-11-01,1152.8
1999-12-01,1167.8
2000-01-01,1198.6
2000-02-01,1209.1
2000-03-01,1218.5
2000-04-01,1226.5
2000-05-01,1228.0
2000-06-01,1236.0
2000-07-01,1245.5
2000-08-01,1246.6
2000-09-01,1251.1
2000-10-01,1253.8
2000-11-01,1257.7
2000-12-01,1264.6
2001-01-01,1289.2
2001-02-01,1303.4
2001-03-01,1313.1
2001-04-01,1315.1
2001-05-01,1310.9
2001-06-01,1300.6
2001-07-01,1185.6
2001-08-01,1043.2
2001-09-01,1112.1
2001-10-01,1236.1
2001-11-01,1230.1
2001-12-01,1229.2
2002-01-01,1084.4
2002-02-01,1074.7
2002-03-01,1066.3
2002-04-01,1055.3
2002-05-01,1049.0
2002-06-01,1048.6
2002-07-01,1044.2
2002-08-01,1044.5
2002-09-01,1043.6
2002-10-01,1039.5
2002-11-01,1038.3
2002-12-01,1037.5
2003-01-01,1022.1
2003-02-01,1021.5
2003-03-01,1020.4
2003-04-01,1013.5
2003-05-01,1019.6
2003-06-01,1029.3
2003-07-01,939.4
2003-08-01,898.6
2003-09-01,1014.0
2003-10-01,1018.3
2003-11-01,1023.3
2003-12-01,1022.4
2004-01-01,1012.2
2004-02-01,1011.5
2004-03-01,1013.1
2004-04-01,1016.7
2004-05-01,1028.1
2004-06-01,1035.5
2004-07-01,1052.0
2004-08-01,1065.3
2004-09-01,1075.9
2004-10-01,1083.6
2004-11-01,1090.2
2004-12-01,1101.0
2005-01-01,1164.8
2005-02-01,1173.3
2005-03-01,1178.7
2005-04-01,1188.4
2005-05-01,1195.5
2005-06-01,1204.9
2005-07-01,1216.2
2005-08-01,1224.7
2005-09-01,1235.5
2005-10-01,1247.2
2005-11-01,1255.8
2005-12-01,1264.3
2006-01-01,1305.9
2006-02-01,1321.4
2006-03-01,1334.1
2006-04-01,1348.9
2006-05-01,1350.2
2006-06-01,1354.7
2006-07-01,1354.2
2006-08-01,1356.0
2006-09-01,1365.7
2006-10-01,1377.9
2006-11-01,1395.1
2006-12-01,1419.4
2007-01-01,1446.8
2007-02-01,1468.4
2007-03-01,1484.5
2007-04-01,1491.6
2007-05-01,1496.0
2007-06-01,1500.2
2007-07-01,1499.4
2007-08-01,1495.7
2007-09-01,1501.4
2007-10-01,1499.0
2007-11-01,1508.0
2007-12-01,1519.0
2008-01-01,1522.3
2008-02-01,1533.9
2008-03-01,1549.3
2008-04-01,1557.2
2008-05-01,1556.8
2008-06-01,1543.4
2008-07-01,1515.1
2008-08-01,1496.5
2008-09-01,1480.9
2008-10-01,1472.8
2008-11-01,1449.6
2008-12-01,1412.3
2009-01-01,1234.1
2009-02-01,1202.0
2009-03-01,1171.0
2009-04-01,1131.5
2009-05-01,1131.2
2009-06-01,1130.6
2009-07-01,1133.5
2009-08-01,1136.0
2009-09-01,1136.4
2009-10-01,1136.8
2009-11-01,1141.7
2009-12-01,1143.7
2010-01-01,1194.1
2010-02-01,1188.6
2010-03-01,1192.7
2010-04-01,1201.1
2010-05-01,1215.3
2010-06-01,1223.4
2010-07-01,1242.8
2010-08-01,1257.8
2010-09-01,1268.4
2010-10-01,1279.8
2010-11-01,1287.4
2010-12-01,1300.2
2011-01-01,1418.4
2011-02-01,1427.4
2011-03-01,1433.9
2011-04-01,1438.6
2011-05-01,1444.0
2011-06-01,1455.1
2011-07-01,1469.6
2011-08-01,1471.7
2011-09-01,1472.9
2011-10-01,1468.0
2011-11-01,1465.3
2011-12-01,1479.4
2012-01-01,1456.0
2012-02-01,1469.9
2012-03-01,1479.0
2012-04-01,1485.3
2012-05-01,1485.2
2012-06-01,1492.6
2012-07-01,1495.8
2012-08-01,1506.4
2012-09-01,1527.8
2012-10-01,1541.6
2012-11-01,1566.3
2012-12-01,1608.2
2013-01-01,1642.0
2013-02-01,1650.3
2013-03-01,1660.2
2013-04-01,1676.0
2013-05-01,1686.6
2013-06-01,1689.0
2013-07-01,1675.0
2013-08-01,1675.3
2013-09-01,1678.7
2013-10-01,1683.7
2013-11-01,1699.0
2013-12-01,1714.6
2014-01-01,1733.0
2014-02-01,1747.9
2014-03-01,1756.5
2014-04-01,1754.5
2014-05-01,1756.9
2014-06-01,1767.1
2014-07-01,1783.9
2014-08-01,1801.1
2014-09-01,1814.3
2014-10-01,1826.8
2014-11-01,1839.0
2014-12-01,1847.2
2015-01-01,1895.1
2015-02-01,1905.3
2015-03-01,1916.4
2015-04-01,1934.0
2015-05-01,1947.9
2015-06-01,1949.8
2015-07-01,1946.1
2015-08-01,1947.7
2015-09-01,1951.0
2015-10-01,1964.5
2015-11-01,1966.8
2015-12-01,1966.2
2016-01-01,1928.2
2016-02-01,1922.1
2016-03-01,1925.6
2016-04-01,1936.3
2016-05-01,1942.4
2016-06-01,1953.2
2016-07-01,1966.7
2016-08-01,1970.7
2016-09-01,1980.1
2016-10-01,1985.8
2016-11-01,1991.4
2016-12-01,2002.4
2017-01-01,1999.1
2017-02-01,2007.1
2017-03-01,2006.6
2017-04-01,2007.2
2017-05-01,2009.6
2017-06-01,2020.1
2017-07-01,2035.2
2017-08-01,2052.2
2017-09-01,2077.8
2017-10-01,2104.5
2017-11-01,2127.3
2017-12-01,2139.4
2018-01-01,2077.1
2018-02-01,2072.1
2018-03-01,2065.6
2018-04-01,2057.0
2018-05-01,2054.6
2018-06-01,2062.7
2018-07-01,2078.7
2018-08-01,2089.2
2018-09-01,2087.9
2018-10-01,2079.6
2018-11-01,2078.0
2018-12-01,2087.4
2019-01-01,2131.4
2019-02-01,2151.7
2019-03-01,2183.0
2019-04-01,2211.2
2019-05-01,2221.4
2019-06-01,2220.6
2019-07-01,2197.4
2019-08-01,2193.9
2019-09-01,2194.6
2019-10-01,2213.5
2019-11-01,2229.3
2019-12-01,2235.9
2020-01-01,2255.5
2020-02-01,2279.1
2020-03-01,2221.0
2020-04-01,2048.8
2020-05-01,2112.5
2020-06-01,2175.0
2020-07-01,2212.5
2020-08-01,2252.8
2020-09-01,2286.4
2020-10-01,2339.6
2020-11-01,2381.4
2020-12-01,2414.0
2021-01-01,2520.0
2021-02-01,2537.0
2021-03-01,2575.7
2021-04-01,2631.4
2021-05-01,2670.8
2021-06-01,2701.4
2021-07-01,2722.6
2021-08-01,2737.7
2021-09-01,2762.8
2021-10-01,2801.8
2021-11-01,2838.6
2021-12-01,2876.2
2022-01-01,3226.2
2022-02-01,3261.6
2022-03-01,3289.7
2022-04-01,3309.8
2022-05-01,3305.9
2022-06-01,3277.0
2022-07-01,3243.3
2022-08-01,3215.6
2022-09-01,3211.0
2022-10-01,3208.3
2022-11-01,3196.0
2022-12-01,3175.1
2023-01-01,2843.4
2023-02-01,2823.2
2023-03-01,2809.2
2023-04-01,2806.8
2023-05-01,2807.7
2023-06-01,2816.9
2023-07-01,2830.8
2023-08-01,2841.0
2023-09-01,2850.3
2023-10-01,2854.0
2023-11-01,2866.7
2023-12-01,2878.9
2024-01-01,2882.5
2024-02-01,2904.0
2024-03-01,2923.6
2024-04-01,2936.4
2024-05-01,2960.3
2024-06-01,2976.0
2024-07-01,2997.5
2024-08-01,3020.7
2024-09-01,3039.0
2024-10-01,3055.1
2024-11-01,3074.4
2024-12-01,3089.3
2025-01-01,3135.2
2025-02-01,3153.9
2025-03-01,3172.9
2025-04-01,3188.0
2025-05-01,3203.2
2025-06-01,3211.5
2025-07-01,3246.5
2025-08-01,3269.1
2025-09-01,3289.5
2025-10-01,3302.3
2025-11-01,3315.5
2025-12-01,3317.3
2026-01-01,3214.7
2026-02-01,3215.3
2026-03-01,3229.5
2026-04-01,3247.9
2026-05-01,3264.8
2026-06-01,3271.4
